id,number,description,creation_date,file,created_at,reference,admin_id,coordinates,expires_at,limit,status
,15,BAIRRO DOS IMBONDEIROS TANQUE.,13/12/2024,,,CACUACO-N0015-ADUC-2024-PT1,39,,13/12/2025,1,livre
,16,BAIRRO DOS  IMBONDEIROS TANQUE  PARAGEM DOS  MOTOQUEIROS.,13/12/2024,,,CACUACO-N0016-ADUC-2024-PT2,39,,13/12/2025,1,livre
,17,BAIRRO DOS IMBONDEIROS TABELA.,13/12/2024,,,CACUACO-N0017-ADUC-2024-PT3,39,,13/12/2025,1,livre
,18,"BAIRRO DAS SALINAS, PARAGEM DOS AUTOCARROS DO PARAISO.",13/12/2024,,,CACUACO-N0018-ADUC-2024-PT4,39,,13/12/2025,1,livre
,19,"BAIRRO DAS SALINAS, PEDONAL DO ANTIGO CARROSSEL.",13/12/2024,,,CACUACO-N0019-ADUC-2024-PT5,39,,13/12/2025,1,livre
,20,"BAIRRO DAS SALINAS, BANCO BIC.",13/12/2024,,,CACUACO-N0020-ADUC-2024-PT6,39,,13/12/2025,1,livre
,21,"BAIRRO DA POLÍCIA, CABEÇA DO SOBA  - CLÍNICA SAGRADA  ESPERANÇA.",13/12/2024,,,CACUACO-N0021-ADUC-2024-PT7,39,,13/12/2025,1,livre
,22,"BAIRRO DA POLÍCIA, RESTOURANTE ROSEIRA.",13/12/2024,,,CACUACO-N0022-ADUC-2024-PT8,39,,13/12/2025,1,livre
,23,"BAIRRO DAS SALINAS, MERCADO ARREIO.",13/12/2024,,,CACUACO-N0023-ADUC-2024-PT9,39,,13/12/2025,1,livre
,24,"BAIRRO DA POLÍCIA, PRÓXIMO AO BPC E AGÊNCIA DA UNITEL.",13/12/2024,,,CACUACO-N0024-ADUC-2024-PT10,39,,13/12/2025,1,livre
,25,"BAIRRO DA CERÂMICA, ENTRADA DA CERÂMICA.",13/12/2024,,,CACUACO-N0025-ADUC-2024-PT11,39,,13/12/2025,1,livre
,26,"BAIRRO DAS SALINAS, ENTRADA PRINCIPAL.",13/12/2024,,,CACUACO-N0026-ADUC-2024-PT12,39,,13/12/2025,1,livre
,27,"BAIRRO DAS SALINAS, PLACA DOS ENGRAXADORES.",13/12/2024,,,CACUACO-N0027-ADUC-2024-PT13,39,,13/12/2025,1,livre
,28,"BAIRRO DAS SALINAS, PARAGEM DE TAXI - SENTIDO ENTRADA DA VILA.",13/12/2024,,,CACUACO-N0028-ADUC-2024-PT14,39,,13/12/2025,1,livre
,29,"BAIRRO DAS SALINAS, PEDONAL DA ENTRADA DAS SALINAS.",13/12/2024,,,CACUACO-N0029-ADUC-2024-PT15,39,,13/12/2025,1,livre
,30,"BAIRRO DA POLÍCIA, PEDONAL AZUL - LADO OPOSTO AO TANQUE.",13/12/2024,,,CACUACO-N0030-ADUC-2024-PT16,39,,13/12/2025,1,livre
,31,"BAIRRO DA POLÍCIA, PEDONAL AZUL - ENTRADA DA VILA.",13/12/2024,,,CACUACO-N0031-ADUC-2024-PT17,39,,13/12/2025,1,livre
,32,"BAIRRO DA FORNO DO CAL, PEDONAL CINZENTA - OPOSTO A FABRICA DE WHISKY.",13/12/2024,,,CACUACO-N0032-ADUC-2024-PT18,39,,13/12/2025,1,livre
,33,"BAIRRO DA FORNO DO CAL, PEDONAL CINZENTA - OPOSTO AO SIC.",13/12/2024,,,CACUACO-N0033-ADUC-2024-PT19,39,,13/12/2025,1,livre
,34,"BAIRRO DA CONTUNDA, PARAGEM DAS PEIXEIRAS.",13/12/2024,,,CACUACO-N0034-ADUC-2024-PT20,39,,13/12/2025,1,livre
,35,"BAIRRO NOVA URBANIZAÇÃO II, PEDONAL DO TRIÂNGULO.",13/12/2024,,,CACUACO-N0035-ADUC-2024-PT21,39,,13/12/2025,1,livre
,36,"BAIRRO DOS IMBONDEIROS, ENTRADA DA RUA DOS IMBONDEIROS.",13/12/2024,,,CACUACO-N0036-ADUC-2024-PT22,39,,13/12/2025,1,livre
,37,"BAIRRO DA ECO -CAMPOS, PEDONAL CINZENTA, PRÓXIMO AO SIC.",13/12/2024,,,CACUACO-N0037-ADUC-2024-PT23,39,,13/12/2025,1,livre
,38,"BAIRRO DA POLÍCIA, PRÓXIMO A ESCOLA DE FORMAÇÃO DE TÉCNICOS DE SERVIÇOS SOCIAIS.",13/12/2024,,,CACUACO-N0038-ADUC-2024-PT24,39,,13/12/2025,1,livre
,39,"BAIRRO NOVA URBANIZAÇÃO II, FRENTE AO SIAC.",13/12/2024,,,CACUACO-N0039-ADUC-2024-PT25,39,,13/12/2025,1,livre
,40,"BAIRRO NOVA URBANIZAÇÃO III, PEDONAL DA RETRANCA.",13/12/2024,,,CACUACO-N0040-ADUC-2024-PT26,39,,13/12/2025,1,livre
,41,BAIRRO NOVA URBANIZAÇÃO I.,13/12/2024,,,CACUACO-N0041-ADUC-2024-PT27,39,,13/12/2025,1,livre
,42,"BAIRRO NOVA URBANIZAÇÃO III, HOSPITAL MUNICIPAL DE CACUACO.",13/12/2024,,,CACUACO-N0042-ADUC-2024-PT28,39,,13/12/2025,1,livre
,43,"BAIRRO DOS IMBONDEIROS, PEDONAL AZUL.",13/12/2024,,,CACUACO-N0043-ADUC-2024-PT29,39,,13/12/2025,1,livre
,100,"BAIRRO DA POLÍCIA, JUNTO AO BANCO BFA VILA.",7/5/2025,,,CACUACO-N100-2025-PT24,39,,07/05/2026,1,livre
,101,"BAIRRO DOS PESCADORES, NA RUA DAS SALGAS, FRENTE À ENTRADA DO MERCADO DO MUNIDIAL.",7/5/2025,,,CACUACO-N101-2025-PT25,39,,07/05/2026,1,livre
,56,"RUA DO TIO LILY, NO BAIRRO DOS MULENVOS SEDE.",7/5/2025,,,CACUACO-N56-2025-PT1,39,,07/05/2026,1,livre
,57,"ENTRADA DA RUA DA ESQUADRA DAS 500 CASAS, BAIRRO DOS MULENVOS SEDE.",7/5/2025,,,CACUACO-N57-2025-PT2,39,,07/05/2026,1,livre
,58,"RUA DO COLÉGIO KAWANDA, NO BAIRRO MALUECA.",7/5/2025,,,CACUACO-N58-2025-PT3,39,,07/05/2026,1,livre
,59,"BAIRRO DOS MULENVOS SEDE, NA PARAGEM DOS TURISMOS.",7/5/2025,,,CACUACO-N59-2025-PT4,39,,07/05/2026,1,livre
,60,"BAIRRO MULENVOS SEDE, DESVIO DO MALUECA, NA PARAGEM DOS MOTOQUEIROS.",7/5/2025,,,CACUACO-N60-2025-PT5,39,,07/05/2026,1,livre
,61,"BAIRRO DOS MULENVOS SEDE, NO QUINTALÃO DOS MULENVOS.",7/5/2025,,,CACUACO-N61-2025-PT6,39,,07/05/2026,1,livre
,62,"BAIRRO DOS MULENVOS SEDE, NAS IMEDIAÇÕES DA GRÁFICA ESTRELA DO DAVI.",7/5/2025,,,CACUACO-N62-2025-PT7,39,,07/05/2026,1,livre
,63,"BAIRRO DOS MULENVOS SEDE, PRÓXIMO DA ESCOLA DE CONDUÇÃO ÀGUIA BRANCA.",7/5/2025,,,CACUACO-N63-2025-PT8,39,,07/05/2026,1,livre
,64,"BAIRRO DA PEDREIRA, DENTRO DA PRAÇA DA RETRANCA.",7/5/2025,,,CACUACO-N64-2025-PT9,39,,07/05/2026,1,livre
,65,"BAIRRO DA PEDREIRA, PRÓXIMO DA CASA DO ALMOÇO.",7/5/2025,,,CACUACO-N65-2025-PT10,39,,07/05/2026,1,livre
,66,"ENTRADA DIREITA DO PAPA SIMÃO, BAIRRO MULENVOS SEDE, CENTRO DE SERVIÇO LAVAGEM DE CARROS.",7/5/2025,,,CACUACO-N66-2025-PT11,39,,07/05/2026,1,livre
,67,"BAIRRO DOS MULENVOS, NAS IMEDIAÇÕES DA ESCOLA BAKIDILA.",7/5/2025,,,CACUACO-N67-2025-PT12,39,,07/05/2026,1,livre
,68,"BAIRRO DOS MULENVOS SEDE, NA PARAGEM DOS MOTOQUEIROS.",7/5/2025,,,CACUACO-N68-2025-PT13,39,,07/05/2026,1,livre
,69,"BAIRRO DA PEDREIRA, MERCADO DA RETRANCA, PARAGEM DO SIAC.",7/5/2025,,,CACUACO-N69-2025-PT14,39,,07/05/2026,1,livre
,70,"PEDREIRA, PARAGEM DA RETRANCA, PRÓXIMO DA CASA DE PEÇAS.",7/5/2025,,,CACUACO-N70-2025-PT15,39,,07/05/2026,1,livre
,71,"BAIRRO DA PEDREIRA, PRÓXIMO DA PARAGEM  DA RETRANCA.",7/5/2025,,,CACUACO-N71-2025-PT16,39,,07/05/2026,1,livre
,72,"BAIRRO DOS MULENVOS, PRÓXIMO DA PARAGEM DOS MOTOQUEIROS.",7/5/2025,,,CACUACO-N72-2025-PT17,39,,07/05/2026,1,livre
,73,"BAIRRO BELO MONTE, NA ESTRADA DIREITA DA RETRANCA, JUNTO AO MERCADO 4 DE FEVEREIRO.",7/5/2025,,,CACUACO-N73-2025-PT1,39,,07/05/2026,1,livre
,74,"ESTRADA DIREITA DO PAPÁ SIMÃO, JUNTO À ENTRADA DO INSTITUTO PRIVADO  DE SAÚDE.",7/5/2025,,,CACUACO-N74-2025-PT18,39,,07/05/2026,1,livre
,75,"BAIRRO PAPA SIMÃO, DENTRO DO MERCADO PAPA SIMÃO.",7/5/2025,,,CACUACO-N75-2025-PT19,39,,07/05/2026,1,livre
,76,"BAIRRO PAPÁ SIMÃO, JUNTO À ESCOLA 4102.",7/5/2025,,,CACUACO-N76-2025-PT20,39,,07/05/2026,1,livre
,77,"ENTRADA DIREITA DO PAPA SIMÃO, JUNTO AO MERCADO PAPÁ SIMÃO.",7/5/2025,,,CACUACO-N77-2025-PT21,39,,07/05/2026,1,livre
,78,"BAIRRO NOVA URBANIZAÇÃO, JUNTO À PEDONAL DO HOSPITAL MUNICIPAL.",7/5/2025,,,CACUACO-N78-2025-PT2,39,,07/05/2026,1,livre
,79,"BAIRRO NOVA URBANIZAÇÃO, PARAGEM DA PEDONAL CIZENTA DO LADO DO SIC GERAL.",7/5/2025,,,CACUACO-N79-2025-PT3,39,,07/05/2026,1,livre
,80,"BAIRRO DOS IMBONDEIROS, JUNTO AO TANQUE DE CACUACO.",7/5/2025,,,CACUACO-N80-2025-PT4,39,,07/05/2026,1,livre
,81,"BAIRRO VILA DE CACUACO, DO LADO OPOSTO AO SIC.",7/5/2025,,,CACUACO-N81-2025-PT5,39,,07/05/2026,1,livre
,82,"BAIRRO DA POLÍCIA, FRENTE AO BANCO ECONÓMICO VILA.",7/5/2025,,,CACUACO-N82-2025-PT6,39,,07/05/2026,1,livre
,83,"BAIRRO NOVA URBANIZAÇÃO, NA ECOCAMPO, NOS ARREDORES DA SOSCAPE.",7/5/2025,,,CACUACO-N83-2025-PT7,39,,07/05/2026,1,livre
,83287528,"RUA DO BALUMUCA, PRÓXIMO À PEDONAL DO BALUMUCA, BAIRRO BAO ESPERANÇA 3.",31/01/2025,,,CACUACO-N83287528-2025-PT16,39,,,1,livre
,83287736,"RUA DA CONDUTA, PEDONAL DE FERRO, NO BAIRRO BOA ESPERANÇA.",31/01/2025,,,CACUACO-N83287736-2025-PT10,39,,,1,livre
,83290068,"RUA VITORIA E PAZ, DESVIO DO MALUECA, BAIRRO AUGUSTO NGANGULA.",31/01/2025,,,CACUACO-N83290068-2025-PT19,39,,,1,livre
,83290275,"RUA VITORIA E PAZ, PARAGEM DE BENGUELA, NO BAIRRO AUGUSTO NGANGULA.",31/01/2025,,,CACUACO-N83290275-2025-PT15,39,,,1,livre
,83291391,"RUA DA PADARIA DO AFONSO, NO BAIRRO AUGUSTO NGANGULA.",31/01/2025,,,CACUACO-N83291391-2025-PT17,39,,,1,livre
,83291391,"RUA DO COLEGIO TUZIZILA, NO BAIRRO AUGUSTO NGANGULA.",31/01/2025,,,CACUACO-N83291391-2025-PT18,39,,,1,livre
,83291430,"RUA DA PADARIA DO AFONSO, SENTIDO ARMAZEM DOS ERITREIOS, NO BAIRRO BOA ESPERANÇA.",31/01/2025,,,CACUACO-N83291430-2025-PT8,39,,,1,livre
,83292449,"RUA DA PADARIA DO AFONSO, JUNTO AO MURO DE VEDAÇÃO DA EMPRESA CASAIS, NO BAIRRO BOA ESPERANÇA.",31/01/2025,,,CACUACO-N83292449-2025-PT14,39,,,1,livre
,832939332,"RUA DO MERCADO DO KIKOLO, JUNTO A BANCADAS DE CARRO DE MÃO, NO BAIRRO BOA ESPERANÇA.",31/01/2025,,,CACUACO-N83293932-2025-PT7,39,,,1,livre
,83295170,"MERCADO DO KIKOLO, JUNTO A MULEMBEIRA. NO BAIRRO BOA ESPERANÇA.",31/01/2025,,,CACUACO-N83295170-2025-PT6,39,,,1,livre
,83299599,"RUA DA CONDUTA, PARAGEM DAS CAMAS, NO BAIRRO BOA ESPERANÇA.",31/01/2025,,,CACUACO-N83299599-2025-PT5,39,,,1,livre
,83300329,"RUA DA CONDUTA PARAGEM DAS KIZACAS, NON BAIRRO BOA ESPERANÇA.",31/01/2025,,,CACUACO-N83300329-2025-PT4,39,,,1,livre
,83300881,"RUA DIREITA DA KIANDA, PARAGEM DA VILA DE CACUACO, NO BAIRRO BOA ESPERAMÇA.",31/01/2025,,,CACUACO-N83300881-2025-PT3,39,,,1,livre
,83302312,"RUA DIDEITA  DA KIANDA, SALÃO DE FESTAS - LADO OPOSTO ÀS NAVES DO KIKOLO, NO BAIRRO BOA ESPERANÇA.",31/01/2025,,,CACUACO-N83302312-2025-PT1,39,,,1,livre
,83302312,"RUA DIREITA DA KIANDA, ENTRADA DO CENTRO MÉDICO EMÍLIA, NO BAIRRO BOA ESPERANÇA.",31/01/2025,,,CACUACO-N83302312-2025-PT11,39,,,1,livre
,83302617,"RUA DA MADEIRA, ANTIGO CENTRO DE SAÚDE ANA PAULA, BAIRRO BOA ESPERANÇA.",31/01/2025,,,CACUACO-N83302617-2025-PT2,39,,,1,livre
,83302673,"RUA DA CONDUTA, PARAGEM DO SALÃO DO REINO DAS TESTEMUNHAS  DE GEOVA. BAIRRO BOA ESPERANÇA.",31/01/2025,,,CACUACO-N83302673-2025-PT12,39,,,1,livre
,83302694,"RUA DA COMBWESSA, PRÓXIMO AO TUBO DE RESPIRAÇÃO, NO BAIRRO BOA ESPERANÇA.",31/01/2025,,,CACUACO-N83302694-2025-PT20,39,,,1,livre
,83302806,"RUA DA COMBWESSA, PROXIMO DO CENTRO DE FORMAÇÃO DO MAPTSS, BAIRRO BOA ESPERANÇA.",31/01/2025,,,CACUACO-N83302806-2025-PT13,39,,,1,livre
,83302824,"RUA DO WADADAME, NO BAIRRO BOA ESPERANÇA.",31/01/2025,,,CACUACO-N83302824-2025-PT9,39,,,1,livre
,84,"BAIRRO DA POLÍCIA, FRENTE AO BANCO MILLENNIUM ATLÂNTICO VILA.",7/5/2025,,,CACUACO-N84-2025-P8,39,,,1,livre
,85,"BAIRRO NOVA URBANIZAÇÃO, PRÓXIMO DO HOTEL CACUACO.",7/5/2025,,,CACUACO-N85-2025-PT9,39,,,1,livre
,86,"BAIRRO DOS IMBONDEIROS, ECOCAMPOS.",7/5/2025,,,CACUACO-N86-2025-PT10,39,,,1,livre
,87,"BAIRRO NOVA URBANIZAÇÃO, PRÓXIMO DA CANTINA DO YURI, JUNTO AO BAR CABIBOM.",7/5/2025,,,CACUACO-N87-2025-PT11,39,,,1,livre
,88,"BAIRRO DOS PESCADORES,  ATRÁS DO M. MAMBO, NOS ARREDORES DA PARAGEM DOS MOTOQUEIROS.",7/5/2025,,,CACUACO-N88-2025-PT12,39,,,1,livre
,89,"BAIRRO NOVA URBANIZAÇÃO,  NA ENTRADA DA SUAVE, ARREDORES DO CENTRO VISÃO JUVENIL.",7/5/2025,,,CACUACO-N89-2025-PT13,39,,,1,livre
,90,"BAIRRO NOVA URBANIZAÇÃO, RUA DO ERMELTA, PRÓXIMO DO CABRITE.",7/5/2025,,,CACUACO-N90-2025-PT14,39,,,1,livre
,91,"BAIRRO NOVA URBANIZAÇÃO,  À ENTRADA DO HOSPITAL MUNICIPAL, PRÓXIMO À OFICINA E ESTAÇÃO DE SERVIÇO",7/5/2025,,,CACUACO-N91-2025-PT15,39,,,1,livre
,92,"BAIRRO NOVA URBANIZAÇÃO, À ENTRADA DO HOSPITAL MUNICIPAL,  PRÓXIMO Á ESCOLA DE CONDUÇÃO.",7/5/2025,,,CACUACO-N92-205-PT16,39,,,1,livre
,92781413,"RUA DO MERCADO, PRÓXIMO A PARAGEM DE CAXITO.",7/5/2025,,,CACUACO-N92781413-2025-PT24,39,,,1,livre
,92781436,"RUA DA CONDUTA, PRÓXIMO DA COMISSÃO DE MORADORES",7/5/2025,,,CACUACO-N92781436-2025-PT23,39,,,1,livre
,92781446,"RUA DA PADARIA DO AFONSO, JUNTO A VEDAÇÃO DO MERCADO DO KIKOLO.",7/5/2025,,,CACUACO-N92781446-2025-PT22,39,,,1,livre
,92781505,"ESTRADA DIREITA DE CACUACO, RUA DA SHALINA",7/5/2025,,,CACUACO-N92781505-2025-PT21,39,,,1,livre
,92781576,ATRÁS DO COLÉGIO MPANGUI AFONSO.,7/5/2025,,,CACUACO-N92781576-2025-PT20,39,,,1,livre
,92781589,"RUA DIREITA DO TUBO, PRÓXIMO À IGREJA BOM DEUS, NO BAIRRO BOA ESPERANÇA.",7/5/2025,,,CACUACO-N92781589-2025-PT1,39,,,1,livre
,92781729,"BALUMUCA, RUA DA HOSPEDARIA LUMIZANDRA 2, NO BAIRRO BOA ESPERANÇA.",7/5/2025,,,CACUACO-N92781729-2025-PT2,39,,,1,livre
,92781747,"PEDONAL DA VERDINHA, SENTIDO VILA DE CACUACO BALUMUCA, NO BAIRRO BOA ESPERANÇA",7/5/2025,,,CACUACO-N92781747-2025-PT3,39,,,1,livre
,92781770,"RUA DO WADADAME, PRÓXIMO À PADARIA, NO BAIRRO BOA ESPERANÇA.",7/5/2025,,,CACUACO-N92781770-2025-PT4,39,,,1,livre
,92781786,"RUA DO WADADAME, ENTRADA DA HOLLYWOOD, NO  BAIRRO BAO ESPERANÇA.",7/5/2025,,,CACUACO-N92781786-2025-PT5,39,,,1,livre
,92781906,"RUA DO WADADAME, PRÓXIMO AO FONTENÁRIO CHAFARIZ DE ÁGUA.",7/5/2025,,,CACUACO-N92781906-2025-PT19,39,,,1,livre
,92781958,"RUA DO COLÉGIO TUZIZILA, NO BAIRRO AUGUSTO NGANGULA.",7/5/2025,,,CACUACO-N92781958-2025-PT25,39,,,1,livre
,92781982,"RUA DO MERCADO DO KIKOLO, PRÓXIMO À PARAGEM DAS CANAS.",7/5/2025,,,CACUACO-N92781982-2025-PT26,39,,,1,livre
,92782050,"RUA DAS CENTENA, NO BAIRRO AUGUSTO NGANGULA.",7/5/2025,,,CACUACO-N92782050-2025-PT27,39,,,1,livre
,92782108,"RUA DO MERCADO DO KIKOLO, PRÓXIMO À PARAGEM DE TAXI PARA CAXITO.",7/5/2025,,,CACUACO-N92782108-2025-PT6,39,,,1,livre
,92782215,"ESTRADA DIREITA DE CACUACO, SENTIDO BOA ESPERANÇA",7/5/2025,,,CACUACO-N92782215-2025-PT7,39,,,1,livre
,93,"BAIRRO NOVA URBANIZAÇÃO, RUA DE ACESSO À ENTRADA DO HOSPITAL.",7/5/2025,,,CACUACO-N93-2025-PT17,39,,,1,livre
,94,"BAIRRO NOVA URBANIZAÇÃO, NOS ARREDORES DO HOSPITAL MUNICIPAL.",7/5/2025,,,CACUACO-N94-2025-PT18,39,,,1,livre
,95,"ECOCAMPO, JUNTO À ESQUADRA DE POLÍCIA, DE  FRONTE AO ARREIOU.",7/5/2025,,,CACUACO-N95-2025-PT19,39,,,1,livre
,96,"BAIRRO NOVA URBANIZAÇÃO, NAS IMEDIAÇÕES DO ERMELTA.",7/5/2025,,,CACUACO-N96-2025-PT20,39,,,1,livre
,96383784,"PEDONAL DO BALUMUCA, SENTIDO OPOSTO AO RESTOURANTE M-M.",9/6/2025,,,CACUACO-N96383784-2025-PT8,39,,,1,livre
,96384726,"ESTRADA DIREITA DE CACUACO, ENTRADA DA RUA DA HOSPEDARIA LUMIZANDRA.",9/6/2025,,,CACUACO-N96384726-2025-PT9,39,,,1,livre
,96385531,"RUA DA CONDUTA, PRÓXIMO À PLACA DE TAXI PREÇO DA FAMA.",9/6/2025,,,CACUACO-N96385531-2025-PT10,39,,,1,livre
,96385583,"RUA DO CENTRO DO MAPTSS, ATRÁS DA IGREJA IBA.",9/6/2025,,,CACUACO-N96385583-2025-PT11,39,,,1,livre
,96385626,"RUA DA CONDUTA , PARAGEM DO TIO ABEL.",9/6/2025,,,CACUACO-N96385626-2025-PT12,39,,,1,livre
,96385737,"ESTRADA DIREITA DE CACUACO, PEDONAL DO COLÉGIO SACRINOR.",9/6/2025,,,CACUACO-N96385737-2025-PT14,39,,,1,livre
,96385801,RUA DA PRACINHA DA COMBWESSA.,9/6/2025,,,CACUACO-N96385801-2025-PT15,39,,,1,livre
,96386178,"RUA DIREITA DO TUBO, PRÓXIMO À IGREJA IECA.",9/5/2025,,,CACUACO-N96386178-2025-PT18,39,,,1,livre
,96385667,"PARAGEM DA PEDONAL DO COLÉGIO SACRINOR, SENTIDO VILA DE CACUACO.",9/6/2025,,,CACUACO-N9638667-2025-PT13,39,,,1,livre
,96386965,"DESVIO DA CIMANGOL, DE FRENTE AO SUPERMERCADO NOSSA CASA",9/6/2025,,,CACUACO-N96386965-2025-PT17,39,,,1,livre
,96387336,"DESVIO DA CIMANGOL, SENTIDO VILA DE CACUACO.",9/6/2025,,,CACUACO-N96387336-2025-PT16,39,,,1,livre
,97,"BAIRRO DOS PESCADORES,  PRÓXIMO DO MERCADO DO MUNDIAL.",7/5/2025,,,CACUACO-N97-2025-PT21,39,,,1,livre
,98,"BAIRRO DOS PESCADORES, NA RUA DO COMITÉ DA UNITA, ATRÁS DO M. MAMBO.",7/5/2025,,,CACUACO-N98-2025-PT22,39,,,1,livre
,99,"BAIRRO DA POLÍCIA, CABEÇA DO SOBA.",7/5/2025,,,CACUACO-N99-2025-PT23,39,,,1,livre
,205,"BAIRRO MARCONI, PRÓXIMO A ESTRADA DO BATE NÚ.",16/05/2025,,,HOJI-YA-HENDA-205-2025-PT80,20,,,1,livre
,232,"BAIRRO PORTO PESQUEIRO, E.N. 100.",26/05/2025,,,HOJI-YA-HENDA-232-2025-PT79,20,,,1,livre
,237,"BAIRRO ILHA DA MADEIRA, RUA DO PARQUE DO SOYO.",26/05/2025,,,HOJI-YA-HENDA-237-2025-PT34,20,,,1,livre
,246,"BAIRRO ILHA DA MADEIRA, RUA SÃO VICENTE.",26/05/2025,,,HOJI-YA-HENDA-246-2025-PT43,20,,,1,livre
,257,"BAIRRO ILHA DA MADEIRA, RUA SÃO VICENTE, PRÓXIMO A TRAVESSA DA RUA DO HUAMBO.",26/05/2025,,,HOJI-YA-HENDA-257-2025-PT52,20,,,1,livre
,176,"BAIRRO 11 DE NOVEMBRO, AVENIDA NGOLA KILUANJE, RUA DO MABULULU.",24/03/2025,,,HOJI-YA-HENDA-N176-2025-PT1,20,,,1,livre
,177,"BAIRRO 11 DE NOVEMBRO, AVENIDA NGOLA KILUANJE, LADO OPOSTO A RUA DA MANAUT.",24/03/2025,,,HOJI-YA-HENDA-N177-2025-PT2,20,,,1,livre
,178,"BAIRRO SANTO ANTÓNIO, RUA DO FUNCHAL, RUA DA PLÁSTICA.",24/03/2025,,,HOJI-YA-HENDA-N178-2025-PT3,20,,,1,livre
,179,"BAIRRO SANTO ANTÓNIO, RUA PORTO MONIZ, RUA DO BOM BECO.",24/03/2025,,,HOJI-YA-HENDA-N179-2025-PT4,20,,,1,livre
,180,"BAIRRO SANTO ANTÓNIO, AVENIDA NGOLA KILUANJE, LADO OPSTO A PARAGEM DOS MOTOQUEIROS.",24/03/2025,,,HOJI-YA-HENDA-N180-2025-PT5,20,,,1,livre
,181,"BAIRRO SANTO ANTÓNIO, RUA DO FUNCHAL, RUA PORTO MONIZ.",24/03/2025,,,HOJI-YA-HENDA-N181-2025-PT6,20,,,1,livre
,182,"BAIRRO SANTO ANTÓNIO, AVENIDA NGOLA KILUANJE, RUA PORTO SANTO, JORNAL DE ANGOLA.",24/03/2025,,,HOJI-YA-HENDA-N182-2025-PT7,20,,,1,livre
,183,"BAIRRO SANTO ANTÓNIO, AVENIDA NGOLA KILUANJE, RUA GALERIA MONTEIRO LUBOLO.",24/03/2025,,,HOJI-YA-HENDA-N183-2025-PT8,20,,,1,livre
,184,"BAIRRO SANTO ANTÓNIO, AVENIDA NGOLA KILUANJE, DE FRENTE AO CABRICUCA.",24/03/2025,,,HOJI-YA-HENDA-N184-2025-PT9,20,,,1,livre
,185,"BAIRRO SANTO ANTÓNIO, AVENIDA NGOLA KILUANJE, DEFRONTE A ESCOLA DA BORRACHEIRA.",24/03/2025,,,HOJI-YA-HENDA-N185-2025-PT10,20,,,1,livre
,186,"BAIRRO SANTO ANTÓNIO, AVENIDA NGOLA  KILUANJE, RUA PONTO DO SOL.",24/03/2025,,,HOJI-YA-HENDA-N186-2025-PT11,20,,,1,livre
,187,"BAIRRO SANTO ANTÓNIO, AVENIDA NGOLA KILUANJE, RUA SANTA CRUZ.",24/03/2025,,,HOJI-YA-HENDA-N187-2025-PT12,20,,,1,livre
,188,"BAIRRO SÃO JOÃO, AVENIDA NGOLA KILUANJE, LADO OPOSTO A SUBESTAÇÃO DA END,",24/03/2025,,,HOJI-YA-HENDA-N188-2025-PT13,20,,,1,livre
,189,"BAIRRO SÃO JOÃO, AVENIDA NGOLA KILUANJE, RUA DA ESTRADA NOVA DA ENCIB, PARAGEM DOS MOTOQUEIROS.",24/03/2025,,,HOJI-YA-HENDA-N189-2025-PT14,20,,,1,livre
,190,"BAIRRO ILHA DA MADEIRA, 7ª AVENIDA, RUA DA LEMBRANÇA.",24/03/2025,,,HOJI-YA-HENDA-N190-2025PT15,20,,,1,livre
,191,"BAIRRO ILHA DA MADEIRA, 7ª AVENIDA, DEFRONTE À AROSFRAM.",24/03/2025,,,HOJI-YA-HENDA-N191-2025PT16,20,,,1,livre
,200,"BAIRRO SANTO ANTÓNIO, RUA ARCO DE SÃO JORGE, NO FINAL DA MESMA JUNTO A RUA DO FI«UNCHAL",16/05/2025,,,HOJI-YA-HENDA-N200-2025-PT81,20,,,1,livre
,202,"BAIRROM CAMPISMO, RUA SANTA CLARA F.",26/05/2025,,,HOJI-YA-HENDA-N202-2025-PT2,20,,,1,livre
,203,BAIRRO MARCONI.,26/05/2025,,,HOJI-YA-HENDA-N203-2025-PT3,20,,,1,livre
,204,"BAIRRO NGUANHÃ, ESTRADA NACIONAL 100.",26/05/2025,,,HOJI-YA-HENDA-N204-2025-PT4,20,,,1,livre
,206,"BAIRRO MARCONI, URBANIZALÇÃO MARCONI.",26/05/2025,,,HOJI-YA-HENDA-N206-2025-PT5,20,,,1,livre
,207,"BAIRRO MARCONI, E.N 100, ENTRADA DO HOSPITAL AGOSTINHO NETO.",26/05/2025,,,HOJI-YA-HENDA-N207-2025-PT6,20,,,1,livre
,208,"BAIRRO SANTA ANTÓNIO, TRAVESSA DA RUA PORTO SANTO.",26/05/2025,,,HOJI-YA-HENDA-N208-2025-PT7,20,,,1,livre
,209,"BAIRRO SANTO ANTÓNIO, RUA DO MONTE.",26/05/2025,,,HOJI-YA-HENDA-N209-2025-PT8,20,,,1,livre
,210,"BAIRRO SANTO ANTÓNIO, RUA DO MONTE.",26/05/2025,,,HOJI-YA-HENDA-N210-2025-PT9,20,,,1,livre
,211,"BAIRRO SANTO ANTÓNIO, RUA DA CAMACHA.",26/05/2025,,,HOJI-YA-HENDA-N211-2025-PT10,20,,,1,livre
,212,"BAIRRO SÃO JOÃO, AV.NGOLA KILUANJE.",26/05/2025,,,HOJI-YA-HENDA-N212-2025-PT11,20,,,1,livre
,213,"BAIRRO SÃO JOÃO, TRAVESSA DA RUA DO PORTO SANTOS, RUA SANTA CLARA F.",26/05/2025,,,HOJI-YA-HENDA-N213-2025-PT12,20,,,1,livre
,214,"BAIRRO SÃO JOÃO, RUA DA ESTRADA NOVA SUROCA.",26/05/2025,,,HOJI-YA-HENDA-N214-2025-PT13,20,,,1,livre
,215,"BAIRRO SÃO JOÃO, TRAVESSA DA RUA DO PORTO SANTO, RUA DO FUNCHAL.",26/05/2025,,,HOJI-YA-HENDA-N215-2025-PT14,20,,,1,livre
,216,"BAIRRO SÃO JOÃO, RUA PORTO SANTOS.",26/05/2025,,,HOJI-YA-HENDA-N216-2025-PT15,20,,,1,livre
,217,"BAIRRO NGUANHÃ, RUA SANTA CLARA F.",26/05/2025,,,HOJI-YA-HENDA-N217-2025-PT16,20,,,1,livre
,218,"BAIRRO SÃO JOÃO, RUA DO MONTEIRO LUBÓRIO.",26/05/2025,,,HOJI-YA-HENDA-N218-2025-PT17,20,,,1,livre
,219,"BAIRRO 11 DE NOVEMBRO, RUA 7ª AVENIDA, ENTRADA DA ANGOMARTE.",26/05/2025,,,HOJI-YA-HENDA-N219-2025-PT18,20,,,1,livre
,220,"BAIRRO KM 14, RUA NGOLA KILUANJE. FRENTE A ANTIGA PRAÇA DAS MULHERES.",26/05/2025,,,HOJI-YA-HENDA-N220-2025-PT19,20,,,1,livre
,221,"BAIRRO KM 14, RUA NGOLA KILUANJE.",26/05/2025,,,HOJI-YA-HENDA-N221-2025-PT20,20,,,1,livre
,222,"BAIRRO MARCONI, DEFRONTE A FEIRA DAS ROULOTES DO NGOMA.",26/05/2025,,,HOJI-YA-HENDA-N222-2025-PT21,20,,,1,livre
,223,"BAIRRO KAWELELE, RUA NGOLA KILUANJE.",26/05/2025,,,HOJI-YA-HENDA-N223-2025-PT22,20,,,1,livre
,224,"BAIRRO 11 DE NOVEMBRO, RUA NGOLA KILUANJE, ANTES DO BANCO BIC.",26/05/2025,,,HOJI-YA-HENDA-N224-2025-PT23,20,,,1,livre
,226,"BAIRRO 11 DE NOVEMBRO, RUA 7ª AVENIDA.",26/05/2025,,,HOJI-YA-HENDA-N226-2025-PT24,20,,,1,livre
,227,"BAIRRO PORTO PESQUEIRO, E.N. 100.",26/05/2025,,,HOJI-YA-HENDA-N227-2025-PT25,20,,,1,livre
,228,"BAIRRO NDALA MULEBA, E.N. 100.",26/05/2025,,,HOJI-YA-HENDA-N228-2025-PT26,20,,,1,livre
,229,"BAIRRO KM 14, ENTRADA DO CEMITÉRIO DA MULEMBA.",26/05/2025,,,HOJI-YA-HENDA-N229-2025-PT27,20,,,1,livre
,230,"BAIRRO NDALA MULEBA, RUA DO FAROL DAS LAGOSTAS TECNOCARRO.",26/05/2025,,,HOJI-YA-HENDA-N230-2025-PT28,20,,,1,livre
,231,"BAIRRO NDALA MULEBA, RUA DO SÃO PEDRO DA BARRA.",26/05/2025,,,HOJI-YA-HENDA-N231-2025-PT29,20,,,1,livre
,233,"BAIRRO SÃO PEDRO DA BARRA, E.N. 100, JUNTO AO CONTORNO DO NGOMA.",26/05/2025,,,HOJI-YA-HENDA-N233-2025-PT30,20,,,1,livre
,234,"BAIRRO SÃO PEDRO DA BARRA, RUA DO FAROL DAS LAGOSTAS .",26/05/2025,,,HOJI-YA-HENDA-N234-2025-PT31,20,,,1,livre
,235,"BAIRO NDALA MULEBA, E.N. 100.",26/05/2025,,,HOJI-YA-HENDA-N235-2025-PT32,20,,,1,livre
,236,"BAIRRO ILHA DA MADEIRA, RUA SÃO VICENTE.",26/05/2026,,,HOJI-YA-HENDA-N236-2025-PT33,20,,,1,livre
,238,"BAIRRO ILHA DA MADEIRA, RUA ANTIGA DO DANDE, DEFRONTE NA ESCOLA DOS OSSOS.",26/05/2025,,,HOJI-YA-HENDA-N238-2025-PT35,20,,,1,livre
,239,"BAIRRO ILHA DA MADEIRA, RUA DO FUNCHAL, DEFRONTE AO POSTO POLICIAL DA TORNANG.",26/05/2025,,,HOJI-YA-HENDA-N239-2025-PT36,20,,,1,livre
,240,"BAIRRO ILHA DA MADEIRA, TRAVESSA DO FUNCHAL, FRENTE A ESCOLA 3003.",26/05/2025,,,HOJI-YA-HENDA-N240-2025-PT37,20,,,1,livre
,241,"BAIRRO ILHA DA MADEIRA, TRAVESSA DO FUNCHAL, RUA DA NICARÁGUA.",26/05/2025,,,HOJI-YA-HENDA-N241-2025-PT38,20,,,1,livre
,242,"BAIRRO ILHA DA MADEIRA, RUA 7ª AVENIDA, ENTRADA DOS OSSOS.",26/05/2025,,,HOJI-YA-HENDA-N242-2025-PT39,20,,,1,livre
,243,"BAIRRO ILHA DA MADEIRA, RUA 7ª AVENIDA.",26/05/2025,,,HOJI-YA-HENDA-N243--2025-PT40,20,,,1,livre
,244,"BAIRRO ILHA DA MADEIRA, RUA ANTIGA DO DANDE, DEFRONTE NA ESCOLA DOS OSSOS.",26/05/2025,,,HOJI-YA-HENDA-N244-2025-PT41,20,,,1,livre
,245,"BAIRRO ILHA DA MADEIRA, RUA ANTIGA DO DANDE.",26/05/2025,,,HOJI-YA-HENDA-N245-2025-PT42,20,,,1,livre
,247,"BAIRRO ILHA DA MADEIRA, ENTRADA DO BECO 7.",26/05/2025,,,HOJI-YA-HENDA-N247-2025-PT44,20,,,1,livre
,248,"BAIRRO ILHA DA MADEIRA, RUA DA MÃE PRETA.",26/05/2025,,,HOJI-YA-HENDA-N248-2025-PT45,20,,,1,livre
,249,"BAIRRO ILHA DA MADEIRA, RUA TRAVESSA DA 7ª AVENIDA.",26/05/2025,,,HOJI-YA-HENDA-N249-2025-PT46,20,,,1,livre
,250,"BAIRRO ILHA DA MADEIRA, RUA PORTO SANTO.",26/05/2025,,,HOJI-YA-HENDA-N250-2025-PT47,20,,,1,livre
,251,"BAIRRO ILHA DA MADEIRA, RUA SÃO VICENTE NO FINAL DA MESMA, PRÓXIMO À RUA DO FUCNHAL.",16/05/2025,,,HOJI-YA-HENDA-N251-2025-PT78,20,,,1,livre
,253,"BAIRRO ILHA DA MADEIRA, RUA 7ª AVENIDA, ENTRADA DA URBANIZAÇÃO MARCONI.",26/05/2025,,,HOJI-YA-HENDA-N253-2025-PT48,20,,,1,livre
,254,"BAIRRO ILHA DA MADEIRA, AV. NGOLA KILUANJE, JUNTO AO MAWETE SPORT PLACE.",26/05/2025,,,HOJI-YA-HENDA-N254-2025-PT49,20,,,1,livre
,255,"BAIRRO ILHA DA MADEIRA, AV. NGOLA KILUANJE, JUNTO A BOMBA DE COMBUSTÍVEL DA SONANGOL.",26/05/2025,,,HOJI-YA-HENDA-N255-2025-PT50,20,,,1,livre
,256,"BAIRRO ILHA DA MADEIRA, AV.NGOLA KILUANJE, JUNTO À IGREJA COMBATE ESPIRITUAL.",26/05/2025,,,HOJI-YA-HENDA-N256-2025-PT51,20,,,1,livre
,258,"BAIRRO ILHA DA MADEIRA, RUA DO PEDRA VERDE.",26/05/2025,,,HOJI-YA-HENDA-N258-2025-PT53,20,,,1,livre
,259,"BAIRRO ILHA DA MADEIRA, RUA ILHA DA MADEIRA.",26/05/2025,,,HOJI-YA-HENDA-N259-2025-PT54,20,,,1,livre
,260,"BAIRRO ILHA DA MADEIRA, RUA DO PEDRA VERDE.",26/05/2025,,,HOJI-YA-HENDA-N260-2025-PT55,20,,,1,livre
,261,"BAIRRO ILHA DA MADEIRA, RUA ILHA DA MADEIRA NO FINAL DA MESMA PRÓXIMO A RUA DO FUNCHAL.",26/05/2025,,,HOJI-YA-HENDA-N261-2025-PT56,20,,,1,livre
,262,"BAIRRO ILHA DA MADEIRA, RUA SÃO VICENTE NO FINAL DA MESMA JUNTO A RUA DO FUNCHAL.",26/05/2025,,,HOJI-YA-HENDA-N262-2025-PT57,20,,,1,livre
,263,"BAIRRO ILHA DA MADEIRA, RUA DO FUNCHAL PRÓXIMO A AROSFRAN.",26/05/2025,,,HOJI-YA-HENDA-N263-2025-PT58,20,,,1,livre
,264,"BAIRRO ILHA DA MADEIRA, RUA DAS 7 MULHERES.",26/05/2025,,,HOJI-YA-HENDA-N264-2025-PT59,20,,,1,livre
,265,"BAIRRO ILHA DA MADEIRA, RUA DO FUNCHAL JUNTO AO POSTO POLICIAL.",26/05/2025,,,HOJI-YA-HENDA-N265-2025-PT60,20,,,1,livre
,266,"BAIRRO ILHA DA MADEIRA, RUA DO PRÉDIO MAJOR.",26/05/2025,,,HOJI-YA-HENDA-N266-2025-PT61,20,,,1,livre
,268,"BAIRRO SANTO ANTÓNIO, RUA SANTA CRUZ, FINAL DA MESMAPRÓXIMO A ESTRADA DA PORTO SANTOS.",26/05/2025,,,HOJI-YA-HENDA-N268-1-2025-PT62,20,,,1,livre
,268,"BAIRRO SANTO ANTONIO, RUA SANTA CRUZ, PRÓXIMO AO MAWETE SPORT PLACE,",26/05/2025,,,HOJI-YA-HENDA-N268-2-2025-PT84,20,,,1,livre
,269,"BAIRRO SÃO JOÃO, RUA DA PRAÇA DO TIRA PISTOLA.",26/05/2025,,,HOJI-YA-HENDA-N269-2025-PT63,20,,,1,livre
,270,"BAIRRO SANTA ANTÓNIO, RUA PORTO SANTO, JUNTO A SOPÃO.",26/05/2025,,,HOJI-YA-HENDA-N270-2025-PT64,20,,,1,livre
,272,"BAIRRO SANTO ANTÓNIO, RUA DA PLÁSTICA, NO FINAL JUNTO A RUA PORTO SANTOS.",26/05/2025,,,HOJI-YA-HENDA-N272-2025-PT65,20,,,1,livre
,273,"BAIRRO SANTO ANTÓNIO, RUA PORTO SANTO, JUNTO AO HOSPITAL DA SIGA.",26/05/2025,,,HOJI-YA-HENDA-N273-2025-PT66,20,,,1,livre
,274,"BAIRRO SÃO JOÃO, JUNTO AO SALÃO DO REINO DAS T.J.",26/05/2025,,,HOJI-YA-HENDA-N274-2025-PT67,20,,,1,livre
,275,"BAIRRO SÃO JOÃO, JUNTO A TABACARIA DO CASEMIRO.",26/05/2025,,,HOJI-YA-HENDA-N275-2025-PT68,20,,,1,livre
,276,"BAIRRO CAMPISMO, RUA NOSSA SENHORA DE FATÍMA, JUNTO AO PUNIV.",26/05/2025,,,HOJI-YA-HENDA-N276-2025-PT69,20,,,1,livre
,277,"BAIRRO DA PAZ, RUA DO INSTITUTO POLITÉCNICO.",26/05/2025,,,HOJI-YA-HENDA-N277-2025-PT70,20,,,1,livre
,278,"BAIRRO CANDUA, RUA DOS CUBANOS.",26/05/2025,,,HOJI-YA-HENDA-N278-2025-PT71,20,,,1,livre
,279,"BAIRRO CAWELELE, RUA DO BOM PASTOR, JUNTO AO INSTITUTO PRIVADO DE SAÚDE.",26/05/2025,,,HOJI-YA-HENDA-N279-2025-PT72,20,,,1,livre
,280,"BAIRRO CAWELELE,RUA DO BOM PASTOR NO FINAL DA MESMA PRÓXIMO DA ESTRADA NACIONAL 100.",26/05/2025,,,HOJI-YA-HENDA-N280-2025-PT73,20,,,1,livre
,281,"BAIRRO CAWELELE, RUA DA KIANDA NO FINAL DA MESMA PRÓXIMO DA ESTRADA NACIONAL 100.",26/05/2025,,,HOJI-YA-HENDA-N281-2025-PT74,20,,,1,livre
,282,"BAIRRO 11 DE NOVEMBRO, RUA DO HOSPITAL DA PAZ.",26/05/2025,,,HOJI-YA-HENDA-N282-2025-PT75,20,,,1,livre
,283,"BAIRRO 11 DE NOVEMBRO, RUA DO HOSPITAL DA PAZ JUNTO AO HOSPITAL.",26/05/2025,,,HOJI-YA-HENDA-N283-2025-PT76,20,,,1,livre
,284,"BAIRRO ILHA DA MADEIRA, RUA  11 KC, JUNTO AO CHAFARIZ.",26/05/2025,,,HOJI-YA-HENDA-N284-2025-PT77,20,,,1,livre
,286,"BAIRRO SANTO ANTÓNIO, TRAVESSA DA RUA DO FAIAL.",16/05/2025,,,HOJI-YA-HENDA-N286-2025-PT82,20,,,1,livre
,287,"BAIRRO SANTO ANTÓNIO, RUA RIBEIRA DA JANELA.",16/05/2025,,,HOJI-YA-HENDA-N287-2025-PT83,20,,,1,livre
,201,"BAIRRO VAL SUROCA, RUA DO HOLLY WOOD.",26/05/2025,,,HOJI-YA-HENDA-NN201-2025-PT1,20,,,1,livre
,DUI,AV.  MORTALA MOHAMED (ILHA) INTERIOR DO SECTOR (LELLO),18/12/2024,,,INGOMBOTA-DUI-2024-PT1,1,,,1,livre
,DUI,"RUA 1º CONGRESSO DO MPLA,  PARAGEM DA UNIV.LUZIADA DE ANGOLA",18/12/2024,,,INGOMBOTA-DUI-2024-PT10,1,,,1,livre
,DUI,"RUA REI KATYAVALA, PASSEIOEX. CINE LOANDA",18/12/2024,,,INGOMBOTA-DUI-2024-PT11,1,,,1,livre
,DUI,"LARGO DO AMBIENTE,  INTERIOR DO BAIRRO ANGOSHIP",18/12/2024,,,INGOMBOTA-DUI-2024-PT12,1,,,1,livre
,DUI,"RUA ENGRÁCIA FRAGOSO,  PASSEIO LADO OPOSTO A DISC. DOCKS",18/12/2024,,,INGOMBOTA-DUI-2024-PT13,1,,,1,livre
,DUI,"RUA RAINHA GINGA, PASSEIO JUNTO A EX.LOJA DA HYUNDAI",18/12/2024,,,INGOMBOTA-DUI-2024-PT14,1,,,1,livre
,DUI,"LARGO DO ATLETICO, PARTE EXTERIOR DO LARGO",18/12/2024,,,INGOMBOTA-DUI-2024-PT15,1,,,1,livre
,DUI,"RUA RAINHA GINGA, ADJACENTE A FUTURA SEDE DA EMPRESA",18/12/2024,,,INGOMBOTA-DUI-2024-PT16,1,,,1,livre
,DUI,"RUA LIGA AFRICANA,  INTERIOR DO BAIRRO MACULUSSO",18/12/2024,,,INGOMBOTA-DUI-2024-PT17,1,,,1,livre
,DUI,"RUA LIGA  AFRICANA,  INTERIOR DO BAIRRO MACULUSSO",18/12/2024,,,INGOMBOTA-DUI-2024-PT18,1,,,1,livre
,DUI,"RUA MASSANO DE AMORIM,  INTERIOR DA RUA MASSANO DE AMORIM",18/12/2024,,,INGOMBOTA-DUI-2024-PT19,1,,,1,livre
,DUI,AV.  MORTALA MOHAMED (ILHA) INTERIOR DO SECTOR (LELLO),18/12/2024,,,INGOMBOTA-DUI-2024-PT2,1,,,1,livre
,DUI,"RUA DR. ANTÓNIO AGOSTINHO NETO,  INTERIOR DO SECTOR CHICALA 2",18/12/2024,,,INGOMBOTA-DUI-2024-PT20,1,,,1,livre
,DUI,"RUA MAJOR KANHANGUO,  INTERIOR DO BAIRRO PATRICE LUMUMBA",18/12/2024,,,INGOMBOTA-DUI-2024-PT21,1,,,1,livre
,DUI,"RUA KIENDA,  INTERIOR SECTOR BOAVISTA",18/12/2024,,,INGOMBOTA-DUI-2024-PT22,1,,,1,livre
,DUI,"RUA KIMA KIENDA 1,  INTERIOR SECTOR BOAVISTA",18/12/2024,,,INGOMBOTA-DUI-2024-PT23,1,,,1,livre
,DUI,"RUA KIMA KIENDA 2,  INTERIOR SECTOR BOAVISTA",18/12/2024,,,INGOMBOTA-DUI-2024-PT24,1,,,1,livre
,DUI,"RUA DO MACULUSSO,  INTERIOR DO BAIRRO MACULUSSO",18/12/2024,,,INGOMBOTA-DUI-2024-PT25,1,,,1,livre
,DUI,"RUA DOM MANUEL 1,  INTERIOR DOM BAIRRO MACULUSSO",18/12/2024,,,INGOMBOTA-DUI-2024-PT26,1,,,1,livre
,DUI,"RUA MAJOR KANHANGUO,  INTERIOR DO BAIRRO PATRICE LUMUMBA",18/12/2024,,,INGOMBOTA-DUI-2024-PT27,1,,,1,livre
,DUI,"RUA DO BUNGO,  INTERIOR DO SECTOR BUNGO",18/12/2024,,,INGOMBOTA-DUI-2024-PT28,1,,,1,livre
,DUI,"RUA DOS MUNICÍPIOS,  INTERIOR DO SECTOR BUNGO",18/12/2024,,,INGOMBOTA-DUI-2024-PT29,1,,,1,livre
,DUI,AV.  MORTALA MOHAMED (ILHA) INTERIOR DO SECTOR (LELLO),18/12/2024,,,INGOMBOTA-DUI-2024-PT3,1,,,1,livre
,DUI,"RUA KIMA KIENDA 2,  INTERIOR DO  SECTOR BOAVISTA",18/12/2024,,,INGOMBOTA-DUI-2024-PT30,1,,,1,livre
,DUI,"RUA KIMA KIENDA 1,  INTERIOR SECTOR BOAVISTA",18/12/2024,,,INGOMBOTA-DUI-2024-PT31,1,,,1,livre
,DUI,"RUA MASSANO DE AMORIM,  INTERIOR DO SECTOR CHICALA 1",18/12/2024,,,INGOMBOTA-DUI-2024-PT4,1,,,1,livre
,DUI,AV.  MORTALA MOHAMED (ILHA) INTERIOR DO SECTOR (LELLO),18/12/2024,,,INGOMBOTA-DUI-2024-PT5,1,,,1,livre
,DUI,AV.  MORTALA MOHAMED (ILHA) INTERIOR DO SECTOR (LELLO),18/12/2024,,,INGOMBOTA-DUI-2024-PT6,1,,,1,livre
,DUI,AV.  MORTALA MOHAMED (ILHA) INTERIOR DO SECTOR (SALGA),18/12/2024,,,INGOMBOTA-DUI-2024-PT7,1,,,1,livre
,DUI,"RUA MASSANO DE AMORIM,  INTERIOR DO SECTOR CHICALA 1",18/12/2024,,,INGOMBOTA-DUI-2024-PT8,1,,,1,livre
,DUI,RUA ANTÓNIO AGOSTINHO NETO INTERIOR DO SECTOR CHICALA 2,18/12/2024,,,INGOMBOTA-DUI-2024-PT9,1,,,1,livre
,28,"BAIRRO CASSENDA, AV. REV. DE OUTUBRO (PARAGEM DO AEROPORTO - BFA)",21/02/2025,,,MAIANGA-N028-2025-PT1,2,,,1,livre
,28,"BAIRRO ROCHA PINTO, AV. 21 DE JANEIRO / PARAGEM DE TAXI - ANGOMART",21/02/2025,,,MAIANGA-N028-2025-PT10,2,,,1,livre
,28,"BAIRRO ROCHA PINTO, AV. 21 DE JANEIRO / PARAGEM DE TAXI – PEDONAL DA CABINE",21/02/2025,,,MAIANGA-N028-2025-PT11,2,,,1,livre
,28,"BAIRRO ROCHA PINTO - MOAGEM, AV. 21 DE JANEIRO / PARAGEM DE TAXI – PEDONAL DA MOAGEM",21/02/2025,,,MAIANGA-N028-2025-PT12,2,,,1,livre
,28,"BAIRRO ROCHA PINTO – SECTOR Bo HUAMBO, RUA 22 DE JUNHO / JUNTO A ESCOLA BRANCA",21/02/2025,,,MAIANGA-N028-2025-PT13,2,,,1,livre
,28,"BAIRRO CASSEQUEL DA TEIXEIRA, MERCADO DO CASSEQUEL – PARAGEM DAS MOTOS",21/02/2025,,,MAIANGA-N028-2025-PT14,2,,,1,livre
,28,"BAIRRO ROCHA - GAMEK, AVENIDA 21 DE JANEIRO – NOSSO CENTRO – FRENTE A GRUPO CHANA",21/02/2025,,,MAIANGA-N028-2025-PT15,2,,,1,livre
,28,"BAIRRO MAIANGA, RUA AMILCAR CABRAL – JUNTO A ESCOLA 1o DE AGOSTO",21/02/2025,,,MAIANGA-N028-2025-PT16,2,,,1,livre
,28,"BAIRRO GAMEK, RUA DO GAMEK A DIREITA – ANTES DA FRESMART",21/02/2025,,,MAIANGA-N028-2025-PT17,2,,,1,livre
,28,"BAIRRO CASSEQUEL DO TERRA VERMELHA - CATINTON, MERCADO 28 DE AGOSTO",21/02/2025,,,MAIANGA-N028-2025-PT18,2,,,1,livre
,28,"BAIRRO ROCHA - GAMEK, AVENIDA 21 DE JANEIRO – TRIANGULO ENTRADA DO MERCADO CATINTON",21/02/2025,,,MAIANGA-N028-2025-PT19,2,,,1,livre
,28,"BAIRRO CASSENDA, AV. 21 DE JANEIRO – ENTRADA DA RUA 3 - TERMINAL DE GARGA",21/02/2025,,,MAIANGA-N028-2025-PT2,2,,,1,livre
,28,"BAIRRO CASSEQUEL DO TERRA VERMELHA - CATINTON, MERCADO CATINTON – JUNTO A ESQUADRA",21/02/2025,,,MAIANGA-N028-2025-PT20,2,,,1,livre
,28,"BAIRRO GAMEK, RUA DA VILA GAMEK – PARAGEM DE AUTOCARROS",21/02/2025,,,MAIANGA-N028-2025-PT21,2,,,1,livre
,28,"BAIRRO GAMEK, RUA DO MERCADO DA MADEIRA – PAREDE DO NOSSO CENTRO",21/02/2025,,,MAIANGA-N028-2025-PT22,2,,,1,livre
,28,"BAIRRO MARTIRES DO KIFANGONDO, RUA 15 – JUNTO KERO",21/02/2025,,,MAIANGA-N028-2025-PT23,2,,,1,livre
,28,"BAIRRO MARTIRES DO KIFANGONDO, AVENIDA HO CHI MIN – PEDONAL AMARELA (INE)",21/02/2025,,,MAIANGA-N028-2025-PT24,2,,,1,livre
,28,"BAIRRO MARTIRES DO KIFANGONDO, AVENIDA DON ALVES DE PINHOS – PRAÇA DA RUA 20",21/02/2025,,,MAIANGA-N028-2025-PT25,2,,,1,livre
,28,"BAIRRO MARTIRES DO KIFANGONDO, AVENIDA DON ALVES DE PINHOS – ENTRADA DA RUA 12",21/02/2025,,,MAIANGA-N028-2025-PT26,2,,,1,livre
,28,"BAIRRO MARTIRES DO KIFANGONDO, AVENIDA HO CHI MIN – TRIANGULO DA RUA 08",21/02/2025,,,MAIANGA-N028-2025-PT27,2,,,1,livre
,28,"BAIRRO CASSEQUEL – TOURADA, RUA NGOLA MBANDI-TOURADA – TRIANGULA DA TOURADA",21/02/2025,,,MAIANGA-N028-2025-PT28,2,,,1,livre
,28,"BAIRRO CASSEQUEL DA TEIXEIRA, RUASENADO DA CAMERA-JUNTO A VALA DE DRENAGEM",21/02/2025,,,MAIANGA-N028-2025-PT29,2,,,1,livre
,28,"BAIRRO CASSENDA, RUA DO LABORATORIO DE ENGENHARIA CIVIL DE ANGOLA (LEA)",21/02/2025,,,MAIANGA-N028-2025-PT3,2,,,1,livre
,28,"BAIRRO CASSEQUEL DA TEIXEIRA, MERCADO DA ROUPA",21/02/2025,,,MAIANGA-N028-2025-PT30,2,,,1,livre
,28,"BAIRRO SAGRADA ESPERANÇA - PRENDA, RUA SAGRADA ESPERANÇA – JUNTO PARQUE INFANTIL",21/02/2025,,,MAIANGA-N028-2025-PT4,2,,,1,livre
,28,"BAIRRO PRENDA, RUA DA EX. 8a ESQUADRA – PARAGEM DE TAXI",21/02/2025,,,MAIANGA-N028-2025-PT5,2,,,1,livre
,28,"BAIRRO PRENDA, RUA COMANDANTE ARGUELLES – PEDONAL",21/02/2025,,,MAIANGA-N028-2025-PT6,2,,,1,livre
,28,"BAIRRO PRENDA, RUA PETROFF",21/02/2025,,,MAIANGA-N028-2025-PT7,2,,,1,livre
,28,"BAIRRO PRENDA, RUA CDTE ARGUELLES/ TRIANGULO DA MULEMLEIRA (ANGOCHULA)",21/05/2025,,,MAIANGA-N028-2025-PT8,2,,,1,livre
,28,"BAIRRO ROCHA PINTO, ESTRADA DE SERVIÇO DA 21 DE JANEIRO / EX. TRIANGULO DO PARQUE",21/02/2025,,,MAIANGA-N028-2025-PT9,2,,,1,livre
,46,"BAIRRO PRENDA, RUA  COMANDANTE ARGUELLES ZAMBA 2",13/05/2025,,,MAIANGA-N046-2025-PT1,2,,,1,livre
,46,"BAIRRO MARGOSO RUA REVOLUÇÃO DE OUTUBRO, PRÓXIMO AO Nº 1",13/05/2025,,,MAIANGA-N046-2025-PT10,2,,,1,livre
,46,"BAIRRO PRENDA, RUA REVOLUÇÃO DE OUTUBRO, PARAGEM DA LG",13/05/2025,,,MAIANGA-N046-2025-PT11,2,,,1,livre
,46,"BAIRRO MARGOSO, RUA REVOLUÇÃO DE OUTUBRO, FABRICA DE GELO",13/05/2025,,,MAIANGA-N046-2025-PT12,2,,,1,livre
,46,"BAIRRO SAGRADA ESPERANÇA, RUA PROJECTADA",13/05/2025,,,MAIANGA-N046-2025-PT13,2,,,1,livre
,46,"BAIRRO PRENDA, RUA PROJECTADA PRÓXIMO NA VALA",13/05/2025,,,MAIANGA-N046-2025-PT14,2,,,1,livre
,46,"BAIRRO SAGRADA ESPERANÇA , RUA SAGRADA ESPERANÇA",13/05/2025,,,MAIANGA-N046-2025-PT15,2,,,1,livre
,46,"BAIRRO SAGRADA ESPERANÇA, RUA PROJECTADA",13/05/2025,,,MAIANGA-N046-2025-PT16,2,,,1,livre
,46,"BAIRRO SAGRADA ESPERANÇA, RUA 21 DE JANEIRO FAPA",13/05/2055,,,MAIANGA-N046-2025-PT17,2,,,1,livre
,46,"BAIRRO SAGRADA ESPERANÇA, RUA 21 DE JANEIRO ENTRADA DO GINDUNGO",13/05/2025,,,MAIANGA-N046-2025-PT18,2,,,1,livre
,46,"BAIRRO CASSENDA, TRAVESSA DA RUA 2",13/05/2025,,,MAIANGA-N046-2025-PT19,2,,,1,livre
,46,"BAIRRO PRENDA  RUA COMANDANTE ENGª. FRANCISCO SANDE LEMOS, PRÓXIMO AO LOTE 7",13/05/2025,,,MAIANGA-N046-2025-PT2,2,,,1,livre
,46,BAIRRO CASSEQUEL DO LOURENÇA RUA 17,13/05/2025,,,MAIANGA-N046-2025-PT20,2,,,1,livre
,46,"BAIRRO CASSEQUEL DO LOURENÇO, RUA PROJECTADA PRÓXIMO Á ESCOLA",13/05/2025,,,MAIANGA-N046-2025-PT21,2,,,1,livre
,46,"BAIRRO MAIANGA, RUA AMILCAR CABRAL",13/05/2025,,,MAIANGA-N046-2025-PT22,2,,,1,livre
,46,BAIRRO MAIANGA RUA AMILCAR CABRAL,13/05/2025,,,MAIANGA-N046-2025-PT23,2,,,1,livre
,46,"BAIRRO COMPLEXO DA SAMBA, RUA PROJECTADA",13/05/2025,,,MAIANGA-N046-2025-PT24,2,,,1,livre
,46,"BAIRRO CASSEQUEL DO BURACO, RUA PROJECTADA BALUMUCA",13/05/2025,,,MAIANGA-N046-2025-PT25,2,,,1,livre
,46,"BAIRRO MÁRTIRES DO KIFANGONDO, RUA DO CHI MIM",13/05/2025,,,MAIANGA-N046-2025-PT26,2,,,1,livre
,46,"BAIRRO MILITAR, RUA COMANDANTE JIKA",13/05/2025,,,MAIANGA-N046-2025-PT27,2,,,1,livre
,46,"BAIRRO ALVALADE, RUA COMANDNTE JIKA",13/05/2025,,,MAIANGA-N046-2025-PT28,2,,,1,livre
,46,"BAIRRO MAIANGA, RUA JOÃO R. DO AMARAL GOURGEL",13/05/2025,,,MAIANGA-N046-2025-PT29,2,,,1,livre
,46,"BAIRRO PRENDA RUA COMANDANTE ARGULLES, PRÓXIMO A ENTRADA DO PETROF",13/05/2025,,,MAIANGA-N046-2025-PT3,2,,,1,livre
,46,BAIRRO MAIANGA RUA AMILCAR CABRAL,13/05/2025,,,MAIANGA-N046-2025-PT30,2,,,1,livre
,46,"BAIRRO MAIANGA, RUA COMANDANTE JIKA",13/05/2025,,,MAIANGA-N046-2025-PT31,2,,,1,livre
,46,BAIRRO PRENDA RUA ENGª. FRANCISCO SANDE LEMOS,13/05/2025,,,MAIANGA-N046-2025-PT32,2,,,1,livre
,46,"BAIRRO MÁRTIRES DO KIFANGONDO, RUA DO CHI MIM",13/05/2025,,,MAIANGA-N046-2025-PT33,2,,,1,livre
,46,BAIRRO MÁRTIRES DO KIFANGONDO RUA 18,13/05/2025,,,MAIANGA-N046-2025-PT34,2,,,1,livre
,46,BAIRRO ROCHA PINTO RUA DA SAMBA,13/05/2025,,,MAIANGA-N046-2025-PT35,2,,,1,livre
,46,BAIRRO PRENDA RUA PROJECTADA,13/05/2025,,,MAIANGA-N046-2025-PT36,2,,,1,livre
,46,BAIRRO PRENDA RUA ENGª. FRANCISCO SANDE LEMOS,13/05/2025,,,MAIANGA-N046-2025-PT37,2,,,1,livre
,46,BAIRRO PRENDA RUA PROJECTADA,13/05/2025,,,MAIANGA-N046-2025-PT38,2,,,1,livre
,46,"BAIRRO CATAMBOR RUA REVOLUÇÃO DE OUTOBRO, PÓXIMO A RECACHUTAGEM",13/05/2025,,,MAIANGA-N046-2025-PT4,2,,,1,livre
,46,"BAIRRO PRENDA,  RUA DOS FUNANTES LOTE 22",13/05/2025,,,MAIANGA-N046-2025-PT5,2,,,1,livre
,46,"BAIRRO PRENDA, RUA 8ª ESQUADRA",13/05/2025,,,MAIANGA-N046-2025-PT6,2,,,1,livre
,46,"BAIRRO PRENDA, RUA PROJECTADA",13/05/2025,,,MAIANGA-N046-2025-PT7,2,,,1,livre
,46,BAIRRO PRENDA RUA DO LABORATÓRIO DE ENGENHARIA DE ANGOLA,13/05/2025,,,MAIANGA-N046-2025-PT8,2,,,1,livre
,46,"BAIRRO PRENDA  RUA COMANDANTE ARGUELLES, JUNTO A PEDONAL",13/05/2025,,,MAIANGA-N046-2025-PT9,2,,,1,livre
,66,"BAIRRO NEVES BENDINHA, RUA DE CIDADE ONGIVA",21/05/2025,,,MAIANGA-N066-2025-PT1,2,,,1,livre
,66,BAIRRO NEVES BENDINHA RUA CALUMBANO,21/05/2025,,,MAIANGA-N066-2025-PT10,2,,,1,livre
,66,BAIRROM NEVES BENDINHA RUA DE SERPA,21/05/2025,,,MAIANGA-N066-2025-PT11,2,,,1,livre
,66,BAIRRO NEVES BENDINHA RUA DE CALUMBANO,21/05/2025,,,MAIANGA-N066-2025-PT12,2,,,1,livre
,66,BAIRRO NEVES BENDINHA RUA DA VIOLETA,21/05/2025,,,MAIANGA-N0662025-PT13,2,,,1,livre
,66,BAIRRO NEVES BENDINHA RUA DA CIDADE DE BEJA,21/05/2025,,,MAIANGA-N066-2025-PT14,2,,,1,livre
,66,BAIRRO NEVES BENDINHA RUA DE CALUMBANO,21/05/2025,,,MAIANGA-N066-2025-PT15,2,,,1,livre
,66,"BAIRRO NEVES BENDINHA, RUA JOSEFA OBIDOS",21/05/2025,,,MAIANGA-N066-2025-PT2,2,,,1,livre
,66,BAIRRO NEVES BENDINHA RUA DE GABELA,21/05/2025,,,MAIANGA-N066-2025-PT3,2,,,1,livre
,66,BAIRRO NEVES BENDINHA  DOCTOR CARLOS COIMBRA,21/05/2025,,,MAIANGA-N066-2025-PT4,2,,,1,livre
,66,BAIRRO NEVES BENDINHA RUA MACHADO SARDANHA,21/05/2025,,,MAIANGA-N066-2025-PT5,2,,,1,livre
,66,BAIRRO NEVES BENDINHA RUA DE ALMADA RIBEIRO,21/05/2025,,,MAIANGA-N066-2025-PT6,2,,,1,livre
,66,BAIRRO NEVES BENDINHA RUA ALVARO CANELAS,21/05/2025,,,MAIANGA-N066-2025-PT7,2,,,1,livre
,66,BAIRRO NEVES BENDINHA RUA DO ANDULO,21/05/2025,,,MAIANGA-N066-2025-PT8,2,,,1,livre
,66,BAIRRO NEVES BENDINHA RUA DA SERPA,21/05/2025,,,MAIANGA-N066-2025-PT9,2,,,1,livre
,10,BAIRRO POPULAR DE AMBRIZ ENTRADA DO BANCO SOL,26/03/2025,,,MAIANGA-N10-2025-PT1,2,,,1,livre
,10,BAIRRO POPULAR RUA DA MAVINGA,26/03/2025,,,MAIANGA-N10-2025-PT10,2,,,1,livre
,10,BAIRRO POPULAR RUAB DO AMBRIZ PRÓXIMO AO PARQUE INFANTIL,26/03/2025,,,MAIANGA-N10-2025-PT2,2,,,1,livre
,10,RUA DIREITA MACHADO SALDANHA,26/03/2025,,,MAIANGA-N10-2025-PT3,2,,,1,livre
,10,BAIRRO POPULAR,26/03/2025,,,MAIANGA-N10-2025-PT4,2,,,1,livre
,10,BAIRRO POPULAR PRÓXIMO AS BOMBAS POPULAR,26/03/2025,,,MAIANGA-N10-2025-PT5,2,,,1,livre
,10,BAIRRO POPULAR RUA DA MAVINGA,26/03/2025,,,MAIANGA-N10-2025-PT6,2,,,1,livre
,10,BAIRRO POPULAR RUA DA MAVINGA,26/03/2025,,,MAIANGA-N10-2025-PT7,2,,,1,livre
,10,BAIRRO POPULAR RUA DA PADARIA,26/03/2025,,,MAIANGA-N10-2025-PT8,2,,,1,livre
,10,BAIRRO POPULAR RUA DA MESQUITA,26/03/2025,,,MAIANGA-N10-2025-PT9,2,,,1,livre
,73,AVENIDA DEOLINDA RODRIGUES,31/12/2024,,,MAIANGA-N73-2024-PT1,2,,,1,livre
,73,MACHADO SALDANHA,31/12/2024,,,MAIANGA-N73-2024-PT2,2,,,1,livre
,73,OLIMPIO MAQUERIA,31/02/2024,,,MAIANGA-N73-2024-PT3,2,,,1,livre
,73,BAIRRO SARMENTO RODRIGUES,31/12/2024,,,MAIANGA-N73-2024-PT4,2,,,1,livre
,73,MADAME BERGMAN,31/12/2024,,,MAIANGA-N73-2024-PT5,2,,,1,livre
,9,CASSENDA RUA DO HOTEL JINDUNGO,26/03/2025,,,MAIANGA-N9-2025-PT1,2,,,1,livre
,9,"PRENDA, PRAÇA DO NUNES",26/03/2025,,,MAIANGA-N9-2025-PT10,2,,,1,livre
,9,ROCHA PINTO RUA DO INTER,26/03/2025,,,MAIANGA-N9-2025-PT11,2,,,1,livre
,9,PRENDA ÁREA DO BANGA SUMO,26/03/2025,,,MAIANGA-N9-2025-PT12,2,,,1,livre
,9,"CATAMBOR, PRÓXIMO AO ARREIOU",26/03/2025,,,MAIANGA-N9-2025-PT13,2,,,1,livre
,9,CATAMBOR. ENTRADA DA TRADING CONSTROI,26/03/2025,,,MAIANGA-N9-2025-PT14,2,,,1,livre
,9,"MAIANGA, PRÓXIMO AO SUPERMERCADO MARTAL",26/03/2025,,,MAIANGA-N9-2025-PT15,2,,,1,livre
,9,BAIRRO POULAR RUA DA MAVINGA,26/03/2025,,,MAIANGA-N9-2025-PT16,2,,,1,livre
,9,CASSENDA RUA 9,26/03/2025,,,MAIANGA-N9-2025-PT17,2,,,1,livre
,9,CASSENDA JUNTO AO KFC,26/03/2025,,,MAIANGA-N9-2025-PT18,2,,,1,livre
,9,CASSENDA RUA 9,26/03/2025,,,MAIANGA-N9-2025-PT19,2,,,1,livre
,9,CASSENDA JUNTO AO BPC DA FAPA,26/03/2025,,,MAIANGA-N9-2025-PT2,2,,,1,livre
,9,CASSENDA RUA 13,26/03/2025,,,MAIANGA-N9-2025-PT20,2,,,1,livre
,9,CASSENDA JUNTO AO ARREIOU DO AEROPORTO,26/03/2025,,,MAIANGA-N9-2025-PT21,2,,,1,livre
,9,CASSENDA JUNTO AO BANCO MILLENIUM ATLANTICO,26/03/2025,,,MAIANGA-N9-2025-PT22,2,,,1,livre
,9,CASSENDA JUNTO AO HOTEL JINDUNDO,26/03/2025,,,MAIANGA-N9-2025-PT23,2,,,1,livre
,9,CASSENDA RUA 22,26/03/2025,,,MAIANGA-N9-2025-PT24,2,,,1,livre
,9,PRENDA JUNTO AO LOTE 9,26/03/2025,,,MAIANGA-N9-2025-PT25,2,,,1,livre
,9,"ZAMBA II, PARAGEM DOS TAXI",26/03/2025,,,MAIANGA-N9-2025-PT26,2,,,1,livre
,9,VIA DO SERVIÇO DA SAMBA,26/03/2025,,,MAIANGA-N9-2025-PT27,2,,,1,livre
,9,CASSENDA JUNTO AO PARQUE DO FELÍCIO,26/03/2025,,,MAIANGA-N9-2025-PT28,2,,,1,livre
,9,ROCHA JUNTO AO PREDIO CAFÉ,26/03/2025,,,MAIANGA-N9-2025-PT29,2,,,1,livre
,9,MAIANGA JUNTO AO PAZAVES,26/03/2025,,,MAIANGA-N9-2025-PT3,2,,,1,livre
,9,RUA DA SAMBA JUNTO AGENCIA DE VIAGEM 4US,26/03/2025,,,MAIANGA-N9-2025-PT30,2,,,1,livre
,9,RUA 21 DE JANEIRO JUNTO A PEDONAL DA MOAGEM,26/03/2025,,,MAIANGA-N9-2025-PT31,2,,,1,livre
,9,RUA 21 DE JANEIRO JUNTO A PEDONAL DO CABIDE,26/03/2025,,,MAIANGA-N9-2025-PT32,2,,,1,livre
,9,RUA 21 DE JANEIRO JUNTO A PARAGEM  DO TRIANGULO,26/03/2025,,,MAIANGA-N9-2025-PT33,2,,,1,livre
,9,CASSENDA SAGRADA ESPERANÇA - EDF.MULT CORES,26/03/2025,,,MAIANGA-N9-2025-PT34,2,,,1,livre
,9,RUA DA FAPA JUNTO A PARAGEM DO DIVORCÍO,26/03/2025,,,MAIANGA-N9-2025-PT35,2,,,1,livre
,9,MARTIRES RUA 15,26/03/2025,,,MAIANGA-N9-2025-PT36,2,,,1,livre
,9,MARTIRES RUA 9,26/03/2025,,,MAIANGA-N9-2025-PT37,2,,,1,livre
,9,CASSENDA JUNTO AO ELEPHATE,26/03/2025,,,MAIANGA-N9-2025-PT38,2,,,1,livre
,9,SAMBA JUNTO FRESMART,26/03/2025,,,MAIANGA-N9-2025-PT4,2,,,1,livre
,9,SAMBA ANTIGO CONTROL,26/03/2025,,,MAIANGA-N9-2025-PT5,2,,,1,livre
,9,JUNTO JUNTO A MARTAL,26/03/2025,,,MAIANGA-N9-2025-PT6,2,,,1,livre
,9,MAIANGA RUA DO CODEMO,26/03/2025,,,MAIANGA-N9-2025-PT7,2,,,1,livre
,9,HOTEL ALVALADE,26/03/2025,,,MAIANGA-N9-2025-PT8,2,,,1,livre
,9,"PRENDA, ANGOXULO",26/03/2025,,,MAIANGA-N9-2025-PT9,2,,,1,livre
,8,ENTRADA DA PRAÇA DO NGOMA,1/4/2025,,,MUELENVOS-N001-25-PT8,40,,,1,livre
,9,CAPALANCA PARAGEM DOS MOTOQUEIROS CAOP C.,1/4/2025,,,MUELENVOS-N001-25-PT9,40,,,1,livre
,7,CAPALANCA RUA DO COLÉGIO ANTÓNIO CUNHA.,1/4/2025,,,MUELNVOS-N001-25-PT7,40,,,1,livre
,1,CAPALANCA - ENTRADA DA VILA NOVA,1/4/2025,,,MULENVOS-N001-25-PT1,40,,,1,livre
,10,CAPALANCA APÓS A PARAGEM DAS MULHERES.,1/4/2025,,,MULENVOS-N001-25-PT10,40,,,1,livre
,11,CAOP -  ENTRADA DA SGT,1/4/2025,,,MULENVOS-N001-25-PT11,40,,,1,livre
,12,PRAÇA DO PARQUE DE BOMBO,1/4/2025,,,MULENVOS-N001-25-PT12,40,,,1,livre
,13,NA ENTRADA DA SONAGALP,1/4/2025,,,MULENVOS-N001-25-PT13,40,,,1,livre
,14,NA ENTRADA DA PONTE AMARELA,1/4/2025,,,MULENVOS-N001-25-PT14,40,,,1,livre
,15,ENTRADA DO MERCADO BONZELA,1/4/2025,,,MULENVOS-N001-25-PT15,40,,,1,livre
,2,CAPALANCA - ENTRADA DO PIAGET NA PEDONAL.,1/4/2025,,,MULENVOS-N001-25-PT2,40,,,1,livre
,3,PARAGEM DOS  2 CAJUEIROS.,1/4/2025,,,MULENVOS-N001-25-PT3,40,,,1,livre
,4,ENTRADA DA PONTE PARTIDA PRÓXIMO A ESQUADRA MOVEL.,1/4/2025,,,MULENVOS-N001-25-PT4,40,,,1,livre
,5,NA ENTRADA DA GUARDA PASSAGEM FRENTE   ANGO -MART.,1/4/2025,,,MULENVOS-N001-25-PT5,40,,,1,livre
,6,NO PONTO DA CAOP EMBONDEIRO.,1/4/2025,,,MULENVOS-N001-25-PT6,40,,,1,livre
,88,"BAIRRO TERRA NOVA, AVENIDA DEOLINDA RODRIGUES.",25/06/2025,,,RANGEL-N88-2025-PT1,3,,,1,livre
,89,"BAIRRO TERRA NOVA,RUA HENRIQUE GAGO DA GRAÇA.",25/06/2025,,,RANGEL-N89-2025-PT2,3,,,1,livre
,90,"BAIRRO NELITO SOARES, RUA DO FUNDÃO.",25/06/2025,,,RANGEL-N90-2025-PT3,3,,,1,livre
,91,"BAIRRO TERRA NOVA, AVENIDA HOJI-YA-HENDA.",25/06/2025,,,RANGEL-N91-2025-PT4,3,,,1,livre
,92,"BAIRRO RANGEL, AVENIDA HOJI-YA-HENDA",25/06/2025,,,RANGEL-N92-2025-PT5,3,,,1,livre
,93,"BAIRRO RANGEL, AVENIDA HOJI-YA-HENDA",25/06/2025,,,RANGEL-N93-2025-PT6,3,,,1,livre
,94,"BAIRRO RANGEL, RUA 8 DE NOVEMBRRO.",25/06/2025,,,RANGEL-N94-2025-PT7,3,,,1,livre
,95,"BAIRRO RANGEL, RUA DA VAIDADE.",25/06/2025,,,RANGEL-N95-2025-PT8,3,,,1,livre
,96,"BAIRRO PRECOL, RUA ADELINO QUINTINO",25/06/2025,,,RANGEL-N96-2025-PT9,3,,,1,livre
,97,"BAIRRO RANGEL, RUA DO PARANÁ",25/06/2025,,,RANGEL-N97-2025-PT10,3,,,1,livre
,98,"BAIRRO PRECOL, RUA COMANDANTE CANTIGA",25/06/2025,,,RANGEL-N98-2025-PT11,3,,,1,livre
,99,"BAIRRO PRECOL, RUA DO TUNGA NGOL.",25/06/2025,,,RANGEL-N99-2025-PT12,3,,,1,livre
,54,12 JULHO PARAGEM DOS MOTOQUEIROS.,10/6/2025,,,SAMBIZANGA-N54-2025-PT1,4,,,1,livre
,54,LUEJI ANKONDA 2,10/6/2025,,,SAMBIZANGA-N54-2025-PT10,4,,,1,livre
,54,12 DE JULHO DEPOIS DA ENTRADA DA RUA DO CAMPONÊS.,10/6/2025,,,SAMBIZANGA-N54-2025-PT2,4,,,1,livre
,54,12 JULHO ANTES DO CENTRO DE SAÚDE.,10/6/2025,,,SAMBIZANGA-N54-2025-PT3,4,,,1,livre
,54,12 DE JULHO PLACA DOS MOTOQUEIROS MARIO SANTIAGO.,10/6/2025,,,SAMBIZANGA-N54-2025-PT4,4,,,1,livre
,54,LUEJI ANKONDA DEFRONTE A PARAGEM DE TAXI PARA ILHA.,10/6/2025,,,SAMBIZANGA-N54-2025-PT5,4,,,1,livre
,54,LUEJI ANKONDA 1,10/6/2025,,,SAMBIZANGA-N54-2025-PT6,4,,,1,livre
,54,LUEJI NKONDA COMITÊ DO MPLA.,10/6/2025,,,SAMBIZANGA-N54-2025-PT7,4,,,1,livre
,54,LUEJI ANKONDA DEFRONTE A LOJA DE FRUTAS.,10/6/2025,,,SAMBIZANGA-N54-2025-PT8,4,,,1,livre
,54,LUEJI ANKONDA DEFRONTE AO ARREIOU 2.,10/6/2025,,,SAMBIZANGA-N54-2025-PT9,4,,,1,livre
,55,12 JULHO POUPA LÁ.,10/6/2025,,,SAMBIZANGA-N55-2025-PT21,4,,,1,livre
,55,PARAGEM DA RADIO ECLÉSIA.,10/6/2025,,,SAMBIZANGA-N55-2025-PT22,4,,,1,livre
,55,ENTRADA DA RUA DO MERCADO DO POMBINHO.,10/6/2025,,,SAMBIZANGA-N55-2025-PT23,4,,,1,livre
,55,DEPOIS DA ESQUADRA DA 9,10/6/2025,,,SAMBIZANGA-N55-2025-PT24,4,,,1,livre
,55,DIMUKA MERCADO.,10/6/2025,,,SAMBIZANGA-N55-2025-PT25,4,,,1,livre
,55,LUEJI ANKONDA ANTES DAS BOMBAS DA SONANGOL,10/6/2025,,,SAMBIZANGA-N55-2025-PT26,4,,,1,livre
,55,RUA NGOLA KILUAJI LINHA FERREA.,10/6/2025,,,SAMBIZANGA-N55-2025-PT27,4,,,1,livre
,55,RUA NGOLA KILUAJI PARQUE HOTEL.,10/6/2025,,,SAMBIZANGA-N55-2025-PT28,4,,,1,livre
,55,RUA NGOLA KILUAJI ANGO MART,10/6/2025,,,SAMBIZANGA-N55-2025-PT29,4,,,1,livre
,55,ENTRADA DA RUA DO FERRO QUENTE.,10/6/2025,,,SAMBIZANGA-N55-2025-PT30,4,,,1,livre
,55,ALAMEDA MANUEL VAN -DUNÉM DE FRONTE A OPARAGEM DA ENDE.,10/6/2025,,,SAMBIZANGA-N55-2025-PT31,4,,,1,livre
,55,ALAMEDA MANUEL VAN -DUNÉM Avª COMANDANTE VALÓDIA.,10/6/2025,,,SAMBIZANGA-N55-2025-PT32,4,,,1,livre
,55,DEFRONTE A ESCOLA 147.,10/6/2025,,,SAMBIZANGA-N55-2025-PT33,4,,,1,livre
,55,Avª COMANDANTE VALÓDIA ENTRADA DA RUA SEBASTIÂO DESTAV VEZ.,10/6/2025,,,SAMBIZANGA-N55-2025-PT34,4,,,1,livre
,55,SÃO PAULO ENTRADA DA RUA GIL LIBERDADE.,10/6/2025,,,SAMBIZANGA-N55-2025-PT35,4,,,1,livre
,56,12 JULHO DEFRONTE OS ATM.,10/6/2025,,,SAMBIZANGA-N56-2025-PT11,4,,,1,livre
,56,SÃO PAULO ANGO REAL.,10/6/2025,,,SAMBIZANGA-N56-2025-PT12,4,,,1,livre
,56,VALÓDIA DEFRONTE AO PRÉDIO DA COMUNICAÇÃO SOCIAL.,10/6/2025,,,SAMBIZANGA-N56-2025-PT13,4,,,1,livre
,56,LUEJI ANKONDA JUNTO OS BOMBEIROS.,10/6/2025,,,SAMBIZANGA-N56-2025-PT14,4,,,1,livre
,56,LUEJI ANKONDA 3 SENTIDO O.M.A.,10/6/2025,,,SAMBIZANGA-N56-2025-PT15,4,,,1,livre
,56,SOBA MANDUME JUNTO AO PREDIO DO LIVRO.,10/6/2025,,,SAMBIZANGA-N56-2025-PT16,4,,,1,livre
,56,SÃO PAULO PARAGEM 1.,10/6/2025,,,SAMBIZANGA-N56-2025-PT17,4,,,1,livre
,56,RUA CENTRO CULTURAL DR. ANTÓNIO AGOSTINHO NETO.,10/6/2025,,,SAMBIZANGA-N56-2025-PT18,4,,,1,livre
,56,BAIRRO OPERÁRIO PARAGEM DOS MOTOQUEIROS.,10/6/2025,,,SAMBIZANGA-N56-2025-PT19,4,,,1,livre
,56,"12 JULHO PLACA 13,",10/6/2025,,,SAMBIZANGA-N56-2025-PT20,4,,,1,livre
,5,"BAIRRO BEM VINDO,COMUNA DO BENFICA",22/05/2025,,,TALATONA-N05-DMPDEI-AMT-2025-PT1,41,,,1,livre
,5,"BAIRRO CABOLOMBO, COMUNA DO BENFICA",22/05/2025,,,TALATONA-N05-DMPDEI-AMT-2025-PT10,41,,,1,livre
,5,"BAIRRO TALATONA, MUNICIPIO DO TALATONA",22/05/2025,,,TALATONA-N05-DMPDEI-AMT-2025-PT100,41,,,1,livre
,5,"BAIRRO TALATONA, MUNICIPIO DO TALATONA",22/05/2025,,,TALATONA-N05-DMPDEI-AMT-2025-PT101,41,,,1,livre
,5,"BAIRRO TALATONA, MUNICIPIO DO TALATONA",22/05/2025,,,TALATONA-N05-DMPDEI-AMT-2025-PT102,41,,,1,livre
,5,"BAIRRO TALATONA, MUNICIPIO DO TALATONA",22/05/2025,,,TALATONA-N05-DMPDEI-AMT-2025-PT103,41,,,1,livre
,5,"BAIRRO TALATONA, MUNICIPIO DO TALATONA",22/05/2025,,,TALATONA-N05-DMPDEI-AMT-2025-PT104,41,,,1,livre
,5,"BAIRRO TALATONA, MUNICIPIO DO TALATONA",22/05/2025,,,TALATONA-N05-DMPDEI-AMT-2025-PT105,41,,,1,livre
,5,"BAIRRO TALATONA, MUNICIPIO DO TALATONA",22/05/2025,,,TALATONA-N05-DMPDEI-AMT-2025-PT106,41,,,1,livre
,5,"BAIRRO TALATONA, MUNICIPIO DO TALATONA",22/05/2025,,,TALATONA-N05-DMPDEI-AMT-2025-PT107,41,,,1,livre
,5,"BAIRRO TALATONA, MUNICIPIO DO TALATONA",22/05/2025,,,TALATONA-N05-DMPDEI-AMT-2025-PT108,41,,,1,livre
,5,"BAIRRO TALATONA, MUNICIPIO DO TALATONA",22/05/2025,,,TALATONA-N05-DMPDEI-AMT-2025-PT109,41,,,1,livre
,5,"BAIRRO CABOLOMBO, COMUNA DO BENFICA",22/05/2025,,,TALATONA-N05-DMPDEI-AMT-2025-PT11,41,,,1,livre
,5,"BAIRRO TALATONA, MUNICIPIO DO TALATONA",22/05/2025,,,TALATONA-N05-DMPDEI-AMT-2025-PT110,41,,,1,livre
,5,"BAIRRO TALATONA, MUNICIPIO DO TALATONA",22/05/2025,,,TALATONA-N05-DMPDEI-AMT-2025-PT111,41,,,1,livre
,5,"BAIRRO TALATONA, MUNICIPIO DO TALATONA",22/05/2025,,,TALATONA-N05-DMPDEI-AMT-2025-PT112,41,,,1,livre
,5,"BAIRRO TALATONA, MUNICIPIO DO TALATONA",22/05/2025,,,TALATONA-N05-DMPDEI-AMT-2025-PT113,41,,,1,livre
,5,"BAIRRO TALATONA, MUNICIPIO DO TALATONA",22/05/2025,,,TALATONA-N05-DMPDEI-AMT-2025-PT114,41,,,1,livre
,5,"BAIRRO TALATONA, MUNICIPIO DO TALATONA",22/05/2025,,,TALATONA-N05-DMPDEI-AMT-2025-PT115,41,,,1,livre
,5,"BAIRRO TALATONA, MUNICIPIO DO TALATONA",22/05/2025,,,TALATONA-N05-DMPDEI-AMT-2025-PT116,41,,,1,livre
,5,POR VERIFICAR,22/05/2025,,,TALATONA-N05-DMPDEI-AMT-2025-PT117,41,,,1,livre
,5,POR VERIFICAR,22/05/2025,,,TALATONA-N05-DMPDEI-AMT-2025-PT118,41,,,1,livre
,5,POR VERIFICAR,22/05/2025,,,TALATONA-N05-DMPDEI-AMT-2025-PT119,41,,,1,livre
,5,"BAIRRO CABOLOMBO, COMUNA DO BENFICA",22/05/2025,,,TALATONA-N05-DMPDEI-AMT-2025-PT12,41,,,1,livre
,5,POR VERIFICAR,22/05/2025,,,TALATONA-N05-DMPDEI-AMT-2025-PT120,41,,,1,livre
,5,"BAIRRO HONGA,COMUNA DO BENFICA",22/05/2025,,,TALATONA-N05-DMPDEI-AMT-2025-PT13,41,,,1,livre
,5,"BAIRRO CABOLOMBO, COMUNA DO BENFICA",22/05/2025,,,TALATONA-N05-DMPDEI-AMT-2025-PT14,41,,,1,livre
,5,"BAIRRO CABOLOMBO, COMUNA DO BENFICA",22/05/2025,,,TALATONA-N05-DMPDEI-AMT-2025-PT15,41,,,1,livre
,5,"BAIRRO CABOLOMBO, COMUNA DO BENFICA",22/05/2025,,,TALATONA-N05-DMPDEI-AMT-2025-PT16,41,,,1,livre
,5,"BAIRRO CABOLOMBO, COMUNA DO BENFICA",22/05/2025,,,TALATONA-N05-DMPDEI-AMT-2025-PT17,41,,,1,livre
,5,"TALATONA CASCO, URBANO",22/05/2025,,,TALATONA-N05-DMPDEI-AMT-2025-PT18,41,,,1,livre
,5,"BAIRRO PARTIDO, COMUNA DO BENFICA",22/05/2025,,,TALATONA-N05-DMPDEI-AMT-2025-PT19,41,,,1,livre
,5,"BAIRRO BEM VINDO,COMUNA DO BENFICA",22/05/2025,,,TALATONA-N05-DMPDEI-AMT-2025-PT2,41,,,1,livre
,5,"BAIRRO PARTIDO, COMUNA DO BENFICA",22/05/2025,,,TALATONA-N05-DMPDEI-AMT-2025-PT20,41,,,1,livre
,5,"BAIRRO PARTIDO, COMUNA DO BENFICA",22/05/2025,,,TALATONA-N05-DMPDEI-AMT-2025-PT21,41,,,1,livre
,5,"BAIRRO CABOLOMBO, COMUNA DO BENFICA",22/05/2025,,,TALATONA-N05-DMPDEI-AMT-2025-PT22,41,,,1,livre
,5,"BAIRRO 10 DEZEMBRO, COMUNA DO BENFICA",22/05/2025,,,TALATONA-N05-DMPDEI-AMT-2025-PT23,41,,,1,livre
,5,"BAIRRO 10 DE DEZEMBRO, COMUNA DO BENFICA",22/05/2025,,,TALATONA-N05-DMPDEI-AMT-2025-PT24,41,,,1,livre
,5,"BAIRRO 10 DE DEZEMBRO, COMUNA DO BENFICA",22/05/2025,,,TALATONA-N05-DMPDEI-AMT-2025-PT25,41,,,1,livre
,5,"BAIRRO 10 DE DEZEMBRO, COMUNA DO BENFICA",22/05/2025,,,TALATONA-N05-DMPDEI-AMT-2025-PT26,41,,,1,livre
,5,"BAIRRO 10 DE DEZEMBRO, COMUNA DO BENFICA",22/05/2025,,,TALATONA-N05-DMPDEI-AMT-2025-PT27,41,,,1,livre
,5,"BAIRRO CABOLOMBO, COMUNA DO BENFICA",22/05/2025,,,TALATONA-N05-DMPDEI-AMT-2025-PT28,41,,,1,livre
,5,"BAIRRO KIFICA, COMUNA BENFICA",22/05/2025,,,TALATONA-N05-DMPDEI-AMT-2025-PT29,41,,,1,livre
,5,"BAIRRO PATRIOTA,COMUNA DO BENFICA",22/05/2025,,,TALATONA-N05-DMPDEI-AMT-2025-PT3,41,,,1,livre
,5,"BAIRRO KIFICA, COMUNA BENFICA",22/05/2025,,,TALATONA-N05-DMPDEI-AMT-2025-PT30,41,,,1,livre
,5,"BAIRRO PATRIOTA,COMUNA DO BENFICA",22/05/2025,,,TALATONA-N05-DMPDEI-AMT-2025-PT31,41,,,1,livre
,5,"BAIRRO BENVINDO, COMUNA DO BENFICA",22/05/2025,,,TALATONA-N05-DMPDEI-AMT-2025-PT32,41,,,1,livre
,5,"BAIRRO BENVINDO, COMUNA DO BENFICA",22/05/2025,,,TALATONA-N05-DMPDEI-AMT-2025-PT33,41,,,1,livre
,5,"BAIRRO BENVINDO, COMUNA DO BENFICA",22/05/2025,,,TALATONA-N05-DMPDEI-AMT-2025-PT34,41,,,1,livre
,5,"BAIRRO BENVINDO, COMUNA DO BENFICA",22/05/2025,,,TALATONA-N05-DMPDEI-AMT-2025-PT35,41,,,1,livre
,5,"BAIRRO HONGA,COMUNA DO BENFICA",22/05/2025,,,TALATONA-N05-DMPDEI-AMT-2025-PT36,41,,,1,livre
,5,"BAIRRO HONGA,COMUNA DO BENFICA",22/05/2025,,,TALATONA-N05-DMPDEI-AMT-2025-PT37,41,,,1,livre
,5,"BAIRRO HONGA,COMUNA DO BENFICA",22/05/2025,,,TALATONA-N05-DMPDEI-AMT-2025-PT38,41,,,1,livre
,5,"BAIRRO HONGA,COMUNA DO BENFICA",22/05/2025,,,TALATONA-N05-DMPDEI-AMT-2025-PT39,41,,,1,livre
,5,"BAIRRO HONGA,COMUNA DO BENFICA",22/05/2025,,,TALATONA-N05-DMPDEI-AMT-2025-PT4,41,,,1,livre
,5,"BAIRRO HONGA,COMUNA DO BENFICA",22/05/2025,,,TALATONA-N05-DMPDEI-AMT-2025-PT40,41,,,1,livre
,5,"BAIRRO CABOLOMBO, COMUNA DO BENFICA",22/05/2025,,,TALATONA-N05-DMPDEI-AMT-2025-PT41,41,,,1,livre
,5,"BAIRRO TALATONA II, COMUNA DO TALATONA",22/05/2025,,,TALATONA-N05-DMPDEI-AMT-2025-PT42,41,,,1,livre
,5,"BAIRRO TALATONA II, COMUNA DO TALATONA",22/05/2025,,,TALATONA-N05-DMPDEI-AMT-2025-PT43,41,,,1,livre
,5,"BAIRRO TALATONA II, COMUNA DO TALATONA",22/05/2025,,,TALATONA-N05-DMPDEI-AMT-2025-PT44,41,,,1,livre
,5,"BAIRRO TALATONA II, COMUNA DO TALATONA",22/05/2025,,,TALATONA-N05-DMPDEI-AMT-2025-PT45,41,,,1,livre
,5,"BAIRRO TALATONA II, COMUNA DO TALATONA",22/05/2025,,,TALATONA-N05-DMPDEI-AMT-2025-PT46,41,,,1,livre
,5,"BAIRRO TALATONA II, COMUNA DO TALATONA",22/05/2025,,,TALATONA-N05-DMPDEI-AMT-2025-PT47,41,,,1,livre
,5,"TALATONA CASCO URBANO, COMUNA DO TALATONA",22/05/2025,,,TALATONA-N05-DMPDEI-AMT-2025-PT48,41,,,1,livre
,5,BAIRRO COMUNA DO MUNICÍPIO DE TALATONA,22/05/2025,,,TALATONA-N05-DMPDEI-AMT-2025-PT49,41,,,1,livre
,5,"BAIRRO PATRIOTA,COMUNA DO BENFICA",22/05/2025,,,TALATONA-N05-DMPDEI-AMT-2025-PT5,41,,,1,livre
,5,"TALATONA CASCO URBANO, COMUNA DO TALATONA",22/05/2025,,,TALATONA-N05-DMPDEI-AMT-2025-PT50,41,,,1,livre
,5,"TALATONA CASCO URBANO, COMUNA DO TALATONA",22/05/2025,,,TALATONA-N05-DMPDEI-AMT-2025-PT51,41,,,1,livre
,5,"BAIRRO TALATONA 1, COMUNA DO TALATONA",22/05/2025,,,TALATONA-N05-DMPDEI-AMT-2025-PT52,41,,,1,livre
,5,"BAIRRO MILITAR, COMUNA DO TALATONA",22/05/2025,,,TALATONA-N05-DMPDEI-AMT-2025-PT53,41,,,1,livre
,5,"BAIRRO TALATONA 1, COMUNA DO TALATONA",22/05/2025,,,TALATONA-N05-DMPDEI-AMT-2025-PT54,41,,,1,livre
,5,"BAIRRO TALATONA 1, COMUNA DO TALATONA",22/05/2025,,,TALATONA-N05-DMPDEI-AMT-2025-PT55,41,,,1,livre
,5,"BAIRRO TALATONA 1, COMUNA DO TALATONA",22/05/2025,,,TALATONA-N05-DMPDEI-AMT-2025-PT56,41,,,1,livre
,5,"BAIRRO TALATONA 1, COMUNA DO TALATONA",22/05/2025,,,TALATONA-N05-DMPDEI-AMT-2025-PT57,41,,,1,livre
,5,"TALATONA CASCO URBANO, COMUNA DO TALATONA",22/05/2025,,,TALATONA-N05-DMPDEI-AMT-2025-PT58,41,,,1,livre
,5,"TALATONA CASCO URBANO, COMUNA DO TALATONA",22/05/2025,,,TALATONA-N05-DMPDEI-AMT-2025-PT59,41,,,1,livre
,5,"BAIRRO BENVINDO, COMUNA DO BENFICA",22/05/2025,,,TALATONA-N05-DMPDEI-AMT-2025-PT6,41,,,1,livre
,5,"BAIRRO TALATONA 1, COMUNA DO TALATONA",22/05/2025,,,TALATONA-N05-DMPDEI-AMT-2025-PT60,41,,,1,livre
,5,"BAIRRO TALATONA 1, COMUNA DO TALATONA",22/05/2025,,,TALATONA-N05-DMPDEI-AMT-2025-PT61,41,,,1,livre
,5,"BAIRRO HONGA,COMUNA DO BENFICA",22/05/2025,,,TALATONA-N05-DMPDEI-AMT-2025-PT62,41,,,1,livre
,5,"BAIRRO KIFICA, COMUNA BENFICA",22/05/2025,,,TALATONA-N05-DMPDEI-AMT-2025-PT63,41,,,1,livre
,5,"BAIRRO KIFICA, COMUNA BENFICA",22/05/2025,,,TALATONA-N05-DMPDEI-AMT-2025-PT64,41,,,1,livre
,5,"BAIRRO KIFICA, COMUNA BENFICA",22/05/2025,,,TALATONA-N05-DMPDEI-AMT-2025-PT65,41,,,1,livre
,5,"BAIRRO KIFICA, COMUNA BENFICA",22/05/2025,,,TALATONA-N05-DMPDEI-AMT-2025-PT66,41,,,1,livre
,5,"BAIRRO KIFICA, COMUNA BENFICA",22/05/2025,,,TALATONA-N05-DMPDEI-AMT-2025-PT67,41,,,1,livre
,5,"BAIRRO KIFICA, COMUNA BENFICA",22/05/2025,,,TALATONA-N05-DMPDEI-AMT-2025-PT68,41,,,1,livre
,5,"BAIRRO KIFICA, COMUNA BENFICA",22/05/2025,,,TALATONA-N05-DMPDEI-AMT-2025-PT69,41,,,1,livre
,5,"BAIRRO KIFICA, COMUNA BENFICA",22/05/2025,,,TALATONA-N05-DMPDEI-AMT-2025-PT7,41,,,1,livre
,5,"BAIRRO KIFICA, COMUNA BENFICA",22/05/2025,,,TALATONA-N05-DMPDEI-AMT-2025-PT70,41,,,1,livre
,5,"BAIRRO 10 DE DEZEMBRO, COMUNA DO BENFICA",22/05/2025,,,TALATONA-N05-DMPDEI-AMT-2025-PT71,41,,,1,livre
,5,"BAIRRO CHINGUAR, COMUNA DO BENFICA",22/05/2025,,,TALATONA-N05-DMPDEI-AMT-2025-PT72,41,,,1,livre
,5,"BAIRRO CHINGUAR, COMUNA DO BENFICA",22/05/2025,,,TALATONA-N05-DMPDEI-AMT-2025-PT73,41,,,1,livre
,5,"BAIRRO CHINGUAR, COMUNA DO BENFICA",22/05/2025,,,TALATONA-N05-DMPDEI-AMT-2025-PT74,41,,,1,livre
,5,"BAIRRO CHINGUAR, COMUNA DO BENFICA",22/05/2025,,,TALATONA-N05-DMPDEI-AMT-2025-PT75,41,,,1,livre
,5,"BAIRRO CHINGUAR, COMUNA DO BENFICA",22/05/2025,,,TALATONA-N05-DMPDEI-AMT-2025-PT76,41,,,1,livre
,5,"BAIRRO CHINGUAR, COMUNA DO BENFICA",22/05/2025,,,TALATONA-N05-DMPDEI-AMT-2025-PT77,41,,,1,livre
,5,"BAIRRO CHINGUAR, COMUNA DO BENFICA",22/05/2025,,,TALATONA-N05-DMPDEI-AMT-2025-PT78,41,,,1,livre
,5,"BAIRRO CHINGUAR, COMUNA DO BENFICA",22/05/2025,,,TALATONA-N05-DMPDEI-AMT-2025-PT79,41,,,1,livre
,5,"BAIRRO PATRIOTA,COMUNA DO BENFICA",22/05/2025,,,TALATONA-N05-DMPDEI-AMT-2025-PT8,41,,,1,livre
,5,"BAIRRO CHINGUAR, COMUNA DO BENFICA",22/05/2025,,,TALATONA-N05-DMPDEI-AMT-2025-PT80,41,,,1,livre
,5,"BAIRRO CHINGUAR, COMUNA DO BENFICA",22/05/2025,,,TALATONA-N05-DMPDEI-AMT-2025-PT81,41,,,1,livre
,5,"BAIRRO CHINGUAR, COMUNA DO BENFICA",22/05/2025,,,TALATONA-N05-DMPDEI-AMT-2025-PT82,41,,,1,livre
,5,"BAIRRO 10 DE DEZEMBRO, COMUNA DO BENFICA",22/05/2025,,,TALATONA-N05-DMPDEI-AMT-2025-PT83,41,,,1,livre
,5,"BAIRRO 10 DE DEZEMBRO, COMUNA DO BENFICA",22/05/2025,,,TALATONA-N05-DMPDEI-AMT-2025-PT84,41,,,1,livre
,5,"BAIRRO BENVINDO, COMUNA DO BENFICA",22/05/2025,,,TALATONA-N05-DMPDEI-AMT-2025-PT85,41,,,1,livre
,5,"BAIRRO KIFICA, COMUNA BENFICA",22/05/2025,,,TALATONA-N05-DMPDEI-AMT-2025-PT86,41,,,1,livre
,5,"BAIRRO KIFICA, COMUNA BENFICA",22/05/2025,,,TALATONA-N05-DMPDEI-AMT-2025-PT87,41,,,1,livre
,5,"BAIRRO 10 DE DEZEMBRO, COMUNA DO BENFICA",22/05/2025,,,TALATONA-N05-DMPDEI-AMT-2025-PT88,41,,,1,livre
,5,"BAIRRO 10 DE DEZEMBRO, COMUNA DO BENFICA",22/05/2025,,,TALATONA-N05-DMPDEI-AMT-2025-PT89,41,,,1,livre
,5,"BAIRRO HONGA,COMUNA DO BENFICA",22/05/2025,,,TALATONA-N05-DMPDEI-AMT-2025-PT9,41,,,1,livre
,5,"BAIRRO 10 DE DEZEMBRO, COMUNA DO BENFICA",22/05/2025,,,TALATONA-N05-DMPDEI-AMT-2025-PT90,41,,,1,livre
,5,"BAIRRO 10 DE DEZEMBRO, COMUNA DO BENFICA",22/05/2025,,,TALATONA-N05-DMPDEI-AMT-2025-PT91,41,,,1,livre
,5,"BAIRRO 10 DE DEZEMBRO, COMUNA DO BENFICA",22/05/2025,,,TALATONA-N05-DMPDEI-AMT-2025-PT92,41,,,1,livre
,5,"BAIRRO 10 DE DEZEMBRO, COMUNA DO BENFICA",22/05/2025,,,TALATONA-N05-DMPDEI-AMT-2025-PT93,41,,,1,livre
,5,"BAIRRO 10 DE DEZEMBRO, COMUNA DO BENFICA",22/05/2025,,,TALATONA-N05-DMPDEI-AMT-2025-PT94,41,,,1,livre
,5,"BAIRRO 10 DE DEZEMBRO, COMUNA DO BENFICA",22/05/2025,,,TALATONA-N05-DMPDEI-AMT-2025-PT95,41,,,1,livre
,5,"BAIRRO CABOLOMBO, COMUNA DO BENFICA",22/05/2025,,,TALATONA-N05-DMPDEI-AMT-2025-PT96,41,,,1,livre
,5,"BAIRRO PARTIDO, COMUNA DO BENFICA",22/05/2025,,,TALATONA-N05-DMPDEI-AMT-2025-PT97,41,,,1,livre
,5,"BAIRRO PARTIDO, COMUNA DO BENFICA",22/05/2025,,,TALATONA-N05-DMPDEI-AMT-2025-PT98,41,,,1,livre
,5,"BAIRRO HONGA,COMUNA DO BENFICA",22/05/2025,,,TALATONA-N05-DMPDEI-AMT-2025-PT99,41,,,1,livre
,37,"BAIRRO KIKUXI, RUA DA PISCINA DO BARTOLOMEU, PONTO 37.",28/01/2025,,,VIANA-014-25-PT37,15,,,1,livre
,4,"BAIRRO  LUANDA  SUL, PINGO D´ÁGUA, PONTO 4.",28/03/2025,,,VIANA-024-25-PT4,15,,,1,livre
,38,"BAIRRO KIKUXI, MERCADO DO PANTANAL, PONTO 38.",28/02/2025,,,VIANA-N001-25-PT38,15,,,1,livre
,14,"Bairro Vila Sede, Rua Dos Bancos, Por de tras do Candando, Ponto 14.",28/02/2025,,,VIANA-N002-25-PT14,15,,,1,livre
,6,"BAIRRO VILA  SEDE, PARAGEM DO ZANGO, PONTO 6.",28/02/2025,,,VIANA-N003-25-PT6,15,,,1,livre
,1,"BAIRRO LUANDA SUL, RUA 11 DE NOVEMBRO, 4 CAMPOS, PONTO 1.",28/02/2025,,,VIANA-N004-25-PT1,15,,,1,livre
,36,"BAIRRO LUANDA SUL, RUA JOÃO BEIRÃO, PONTO 36.",28/02/2025,,,VIANA-N005-25-PT36,15,,,1,livre
,2,"BAIRRO LUANDA SUL, RUA DO MERCADO, LUANDA SUL, PONTO 2.",28/02/2025,,,VIANA-N006-25-PT2,15,,,1,livre
,43,"BAIRRO LUANDA SUL, RUA DO HOTEL HORIZONTE, PONTO 43.",28/02/2025,,,VIANA-N007-25-PT43,15,,,1,livre
,42,"BAIRRO LUANDA SUL, RUA DA PRAÇA DO HOTEL HORIZONTE, PONTO 42.",28/02/2025,,,VIANA-N008-25-PT42,15,,,1,livre
,41,"BAIRRO VILA NOVA, RUA ZONA VERDE, PONTO 41.",28/01/2025,,,VIANA-N009-25-PT41,15,,,1,livre
,12,"BAIRRO KIKUXI, RUA DA CIQUENTINHA, PONTO 12.",28/01/2025,,,VIANA-N010-25-PT12,15,,,1,livre
,35,"BAIRRO VILA SEDE, RUA DO PARQUE DO TI SHOW, PONTO 35.",28/02/2025,,,VIANA-N011-25-PT35,15,,,1,livre
,15,"Bairro KM14-A, Rua Paragem Da Nice, Ponto 15.",28/02/2025,,,VIANA-N012-25-PT15,15,,,1,livre
,13,"Bairro KM14-A, Rua Do Mercado Do Alimenta Angola, Ponto 13.",28/01/2025,,,VIANA-N013-25-PT13,15,,,1,livre
,44,"BAIRRO KM14-A, RUA DA SONAGALP, PONTO 44.",28/01/2025,,,VIANA-N015-25-PT44,15,,,1,livre
,16,"BAIRRO KM14-A, RUA ENTRADA DA SONANGOL, PONTO 16.",28/01/2025,,,VIANA-N016-25-PT16,15,,,1,livre
,11,"BAIRRO KM12-A, RUA DO PARQUE DE BOMBO, PONTO 17.",28/03/2025,,,VIANA-N017-25-PT11,15,,,1,livre
,17,"BAIRRO LUANDA SUL, SHOPRITE APÓS A UNIVERSIDADDE DA UTANGA, PONTO 11.",28/01/2025,,,VIANA-N017-25-PT17,15,,,1,livre
,5,"BAIRRO VILA, DE VIANA, PARAGEM DA IGREJA CATOLICA, PONTO 5.",28/03/2025,,,VIANA-N022-25-PT5,15,,,1,livre
,3,"BAIRRO LUANDA SUL, HOTEL HORIZONTE JUNTO À CLINICA  DENTARIA, PONTO 3.",28/03/2025,,,VIANA-N023-25-PT3,15,,,1,livre
,361,"ESTRADA NACIONAL 230,  JUNTO A BANCO BIC, BAIRRO ESTALAGEM.",15/05/2025,,,VIANA-N361-ADMV-2025-PT1,15,,,1,livre
,362,"ESTRADA NACIONAL 230,  ANTES DA ENTRADA DA SUAVE, BAIRRO INCUTAL.",15/05/2025,,,VIANA-N362-ADMV-2025-PT2,15,,,1,livre
,363,"ESTRADA NACIONAL 230, KM 12A,  JUNTO AO ANTIGO MERCADO DA ESTALAGEM.",15/05/2025,,,VIANA-N363-ADMV-2025-PT3,15,,,1,livre
,364,"ESTRADA NACIONAL 230 KM 12A,  ENTRADA COMETA.",15/05/2025,,,VIANA-N364-ADMV-2025-PT4,15,,,1,livre
,365,"ESTRADA NACIONAL 230,  JUNTO A PEDONAL DOS BOMBEIROS.",15/05/2025,,,VIANA-N365-ADMV-2025-PT5,15,,,1,livre
,366,"ESTRADA NACIONAL 230,  JUNTO A PEDONAL DA SGT.",15/05/2025,,,VIANA-N366-ADMV-2025-PT6,15,,,1,livre
,367,"ESTRADA NACIONAL 230,  JUNTO PEDONAL DA MOAGEM.",15/02/2025,,,VIANA-N367-ADMV-2025-PT7,15,,,1,livre
,368,"ESTRADA NACIONAL 230,  PRÓXIMO A PONTE PARTIDA APÓS A ENTRADA DOS AUTOCARROS INTERPROVINCIAL.",15/02/2025,,,VIANA-N368-ADMV-2025-PT8,15,,,1,livre
,369,"ESTRADA NACIONAL 230,  NAS PROXIMIDADES DO POSTO DE ABASTICIMENTO DE COMBUSTÍVEL DA SONAGALPE.",15/02/2025,,,VIANA-N369-ADMV-2025-PT9,15,,,1,livre
,121,"BAIRRO SETEKA, PRÓXIMO AO DESVIO DA BOCA DO RIO.",25/06/2025,,,CACUACO-N121-2025-PT1,39,,,1,livre
,122,"RUA DO PIC, BAIRRO ECO-CAMPO, POR DETRAS DO SIC GERAL.",25/06/2025,,,CACUACO-N122-2025-PT2,39,,,1,livre
,123,"RUA DA NOVA URBANIZAÇÃO, BAIRRO 17 DE SETEMBRO.",25/06/2025,,,CACUACO-N123-2025-PT3,39,,,1,livre
,124,"ESTRADA DA CERÂMICA, BAIRRO DA CERÂMICA, PRÓXIMO DO AVIÁRIO.",25/06/2025,,,CACUACO-N124-2025-PT4,39,,,1,livre
,125,"RUA DA CONDUTA, BAIRRO EMANUEL.",25/06/2025,,,CACUACO-N125-2025-PT5,39,,,1,livre
,126,"RUA S/N, BAIRRO DOS IMBONDEIROS, JUNTO À HUMBURGARIA DA LÚCIA.",25/06/2025,,,CACUACO-N126-2025-PT6,39,,,1,livre
,127,"RUA S/N, NO BAIRRO VILA SEDE, JUNTO AO BAR FONTE BOA.",25/06/2025,,,CACUACO-N127-2025-PT7,39,,,1,livre
,128,"RUA S/N, NO BAIRRO VILA SEDE, ENTRADA DA PRAIA, PRÓXMO DO BAR.",25/06/2025,,,CACUACO-N128-2025-PT8,39,,,1,livre
,129,"RUA DA CERÂMICA, BAIRRO DA CERÂMICA.",23/06/2025,,,CACUACO-N129-2025-PT9,39,,,1,livre
,130,"RUA DO HOTEL CACUACO, BAIRRO 17 DE SETEMBRO.",25/06/2025,,,CACUACO-N130-2025-PT10,39,,,1,livre
,131,"RUA DO HOTEL CACUACO, BAIRRO NOVA URBANIZAÇÃO.",25/06/2025,,,CACUACO-N131-2025-PT11,39,,,1,livre
,132,"RUA DIREITA DA VIDRUL, BAIRRO VIDRUL, JUNTO ÀLOJA DOS REGISTOS.",23/06/2025,,,CACUACO-N132-2025-PT12,39,,,1,livre
,133,"RUA S/N, BAIRRO DOS PESCADOR, JUNTO AS PEIXEIRAS.",25/06/2025,,,CACUACO-N133-2025-PT13,39,,,1,livre
,134,"RUA DIREITA DA VIDRUL, BAIRRO EMANUEL, JUNTO À MAXI.",25/06/2025,,,CACUACO-N134-2025-PT14,39,,,1,livre
,135,"RUA DIREITA DA VIDRUL, BAORRO EMANUEL, JUNTO AO AAA.",25/06/2025,,,CACUACO-N135-2025-PT15,39,,,1,livre
,136,"ENTRADA DOS IMBONDEIROS, BAIRRO DA CERÂMICA, JUNTO À LOJA DA DSTV.",24/06/2025,,,CACUACO-N136-2025-PT16,39,,,1,livre
,137,"ENTRADA DOS IMBONDEIROS, BAIRRO DA CERÂMICA, JUNTO À LOJA DA DSTV.",25/06/2025,,,CACUACO-N137-2025-PT17,39,,,1,livre
,138,"RUA S/N, NO BAIRRO CACUACO SEDE, JUNTO AO CATERPILLAR,POR DE TRÁS DO M. MAMBO.",25/06/2025,,,CACUACO-N138-2025-PT18,39,,,1,livre
,139,"ESTRADA DA CERÂMICA, BAIRRO DA CERÂMICA, JUNTO À OFICINA.",25/06/2025,,,CACUACO-N139-2025-PT19,39,,,1,livre
,140,"ESTRADA DA CERÂMICA, BAIRRO DA CERÂMICA.",24/06/2025,,,CACUACO-N140-2025-PT20,39,,,1,livre
,141,"RUA DOS IMBONDEIROS, BAIRRO DOS IMBONDEIROS.",25/06/2025,,,CACUACO-N141-2025-PT21,39,,,1,livre
,142,"RUA S/N, BAIRRO EMANUEL, NOS ARREDORES DA PRACINHA.",25/06/2025,,,CACUACO-N142-2025-PT22,39,,,1,livre
,143,"RUA S/N, NO BAIRRO EMAUEL, PRÓXIMO DO DESVIO DA BOCA DO RIO.",25/06/2025,,,CACUACO-N143-2025-PT23,39,,,1,livre
,144,"ESTRADA NACIONAL 100, BAIRRO CACUACO SEDE, PRÓXIMO AO CENTRO VISÃO JUVENIL.",25/06/2025,,,CACUACO-N144-2025-PT24,39,,,1,livre
,145,"RUA S/N, NO BAIRRO VILA SEDE, PRÓXIMO À PLACA DO SÉRGIO EVENTO.",25/06/2025,,,CACUACO-N145-2025-PT25,39,,,1,livre
,146,"RUA DA CERÂMICA, BAIRRO DA CERÂMICA. PRÓXIMO A IGREJA CATÓLICA.",25/06/2025,,,CACUACO-N146-2025-PT26,39,,,1,livre
,147,"RUA DA CERÂMICA, BAIRRO DA CERÂMICA.",25/06/2025,,,CACUACO-N147-2025-PT27,39,,,1,livre
,,,,,,,,,,1,livre
,,,,,,,,,,1,livre
,,,,,,,,,,1,livre
,,,,,,,,,,1,livre
,,,,,,,,,,1,livre
,,,,,,,,,,1,livre
,,,,,,,,,,1,livre
,,,,,,,,,,1,livre
,,,,,,,,,,1,livre
,,,,,,,,,,1,livre
,,,,,,,,,,1,livre
,,,,,,,,,,1,livre
,,,,,,,,,,1,livre
,,,,,,,,,,1,livre
,,,,,,,,,,1,livre
,,,,,,,,,,1,livre
,,,,,,,,,,1,livre
,,,,,,,,,,1,livre
,,,,,,,,,,1,livre
,,,,,,,,,,1,livre
,,,,,,,,,,1,livre
,,,,,,,,,,1,livre
,,,,,,,,,,1,livre
,,,,,,,,,,1,livre
,,,,,,,,,,1,livre
,,,,,,,,,,1,livre
,,,,,,,,,,1,livre
,,,,,,,,,,1,livre
,,,,,,,,,,1,livre
,,,,,,,,,,1,livre
,,,,,,,,,,1,livre
,,,,,,,,,,1,livre
,,,,,,,,,,1,livre
,,,,,,,,,,1,livre
,,,,,,,,,,1,livre
,,,,,,,,,,1,livre
,,,,,,,,,,1,livre
,,,,,,,,,,1,livre
,,,,,,,,,,1,livre
,,,,,,,,,,1,livre
,,,,,,,,,,1,livre
,,,,,,,,,,1,livre
,,,,,,,,,,1,livre
,,,,,,,,,,1,livre
,,,,,,,,,,1,livre
,,,,,,,,,,1,livre
,,,,,,,,,,1,livre
,,,,,,,,,,1,livre
,,,,,,,,,,1,livre
,,,,,,,,,,1,livre
,,,,,,,,,,1,livre
,,,,,,,,,,1,livre
,,,,,,,,,,1,livre
,,,,,,,,,,1,livre
,,,,,,,,,,1,livre
,,,,,,,,,,1,livre
,,,,,,,,,,1,livre
,,,,,,,,,,1,livre
,,,,,,,,,,1,livre
,,,,,,,,,,1,livre
,,,,,,,,,,1,livre
,,,,,,,,,,1,livre
,,,,,,,,,,1,livre
,,,,,,,,,,1,livre
,,,,,,,,,,1,livre
,,,,,,,,,,1,livre
,,,,,,,,,,1,livre
,,,,,,,,,,1,livre
,,,,,,,,,,1,livre
,,,,,,,,,,1,livre
,,,,,,,,,,1,livre
,,,,,,,,,,1,livre
,,,,,,,,,,1,livre
,,,,,,,,,,1,livre
,,,,,,,,,,1,livre
,,,,,,,,,,1,livre
,,,,,,,,,,1,livre
,,,,,,,,,,1,livre
,,,,,,,,,,1,livre
,,,,,,,,,,1,livre
,,,,,,,,,,1,livre
,,,,,,,,,,1,livre
,,,,,,,,,,1,livre
,,,,,,,,,,1,livre
,,,,,,,,,,1,livre
,,,,,,,,,,1,livre
,,,,,,,,,,1,livre
,,,,,,,,,,1,livre
,,,,,,,,,,1,livre
,,,,,,,,,,1,livre
,,,,,,,,,,1,livre
,,,,,,,,,,1,livre
,,,,,,,,,,1,livre
,,,,,,,,,,1,livre
,,,,,,,,,,1,livre
,,,,,,,,,,1,livre
,,,,,,,,,,1,livre
,,,,,,,,,,1,livre
,,,,,,,,,,1,livre
,,,,,,,,,,1,livre
,,,,,,,,,,1,livre
,,,,,,,,,,1,livre
,,,,,,,,,,1,livre
,,,,,,,,,,1,livre
,,,,,,,,,,1,livre
,,,,,,,,,,1,livre
,,,,,,,,,,1,livre
,,,,,,,,,,1,livre
,,,,,,,,,,1,livre
,,,,,,,,,,1,livre
,,,,,,,,,,1,livre
,,,,,,,,,,1,livre
,,,,,,,,,,1,livre
,,,,,,,,,,1,livre
,,,,,,,,,,1,livre
,,,,,,,,,,1,livre
,,,,,,,,,,1,livre
,,,,,,,,,,1,livre
,,,,,,,,,,1,livre
,,,,,,,,,,1,livre
,,,,,,,,,,1,livre
,,,,,,,,,,1,livre
,,,,,,,,,,1,livre
,,,,,,,,,,1,livre
,,,,,,,,,,1,livre
,,,,,,,,,,1,livre
,,,,,,,,,,1,livre
,,,,,,,,,,1,livre
,,,,,,,,,,1,livre
,,,,,,,,,,1,livre
,,,,,,,,,,1,livre
,,,,,,,,,,1,livre
,,,,,,,,,,1,livre
,,,,,,,,,,1,livre
,,,,,,,,,,1,livre
,,,,,,,,,,1,livre
,,,,,,,,,,1,livre
,,,,,,,,,,1,livre
,,,,,,,,,,1,livre
,,,,,,,,,,1,livre
,,,,,,,,,,1,livre
,,,,,,,,,,1,livre
,,,,,,,,,,1,livre
,,,,,,,,,,1,livre
,,,,,,,,,,1,livre
,,,,,,,,,,1,livre
,,,,,,,,,,1,livre
,,,,,,,,,,1,livre
,,,,,,,,,,1,livre
,,,,,,,,,,1,livre
,,,,,,,,,,1,livre
,,,,,,,,,,1,livre
,,,,,,,,,,1,livre
,,,,,,,,,,1,livre
,,,,,,,,,,1,livre
,,,,,,,,,,1,livre
,,,,,,,,,,1,livre
,,,,,,,,,,1,livre
,,,,,,,,,,1,livre
,,,,,,,,,,1,livre
,,,,,,,,,,1,livre
,,,,,,,,,,1,livre
,,,,,,,,,,1,livre
,,,,,,,,,,1,livre
,,,,,,,,,,1,livre
,,,,,,,,,,1,livre
,,,,,,,,,,1,livre
,,,,,,,,,,1,livre
,,,,,,,,,,1,livre
,,,,,,,,,,1,livre
,,,,,,,,,,1,livre
,,,,,,,,,,1,livre
,,,,,,,,,,1,livre
,,,,,,,,,,1,livre
,,,,,,,,,,1,livre
,,,,,,,,,,1,livre
,,,,,,,,,,1,livre
,,,,,,,,,,1,livre
,,,,,,,,,,1,livre
,,,,,,,,,,1,livre
,,,,,,,,,,1,livre
,,,,,,,,,,1,livre
,,,,,,,,,,1,livre
,,,,,,,,,,1,livre
,,,,,,,,,,1,livre
,,,,,,,,,,1,livre
,,,,,,,,,,1,livre
,,,,,,,,,,1,livre
,,,,,,,,,,1,livre
,,,,,,,,,,1,livre
,,,,,,,,,,1,livre
,,,,,,,,,,1,livre
,,,,,,,,,,1,livre
,,,,,,,,,,1,livre
,,,,,,,,,,1,livre
,,,,,,,,,,1,livre
,,,,,,,,,,1,livre
,,,,,,,,,,1,livre
,,,,,,,,,,1,livre
,,,,,,,,,,1,livre
,,,,,,,,,,1,livre
,,,,,,,,,,1,livre
,,,,,,,,,,1,livre
,,,,,,,,,,1,livre
,,,,,,,,,,1,livre
,,,,,,,,,,1,livre
,,,,,,,,,,1,livre
,,,,,,,,,,1,livre
,,,,,,,,,,1,livre
,,,,,,,,,,1,livre
,,,,,,,,,,1,livre
,,,,,,,,,,1,livre
,,,,,,,,,,1,livre
,,,,,,,,,,1,livre
,,,,,,,,,,1,livre
,,,,,,,,,,1,livre
,,,,,,,,,,1,livre
,,,,,,,,,,1,livre
,,,,,,,,,,1,livre
,,,,,,,,,,1,livre
,,,,,,,,,,1,livre
,,,,,,,,,,1,livre
,,,,,,,,,,1,livre
,,,,,,,,,,1,livre
,,,,,,,,,,1,livre
,,,,,,,,,,1,livre
,,,,,,,,,,1,livre
,,,,,,,,,,1,livre
,,,,,,,,,,1,livre
,,,,,,,,,,1,livre
,,,,,,,,,,1,livre
,,,,,,,,,,1,livre
,,,,,,,,,,1,livre
,,,,,,,,,,1,livre
,,,,,,,,,,1,livre
,,,,,,,,,,1,livre
,,,,,,,,,,1,livre
,,,,,,,,,,1,livre
,,,,,,,,,,1,livre
,,,,,,,,,,1,livre
,,,,,,,,,,1,livre
,,,,,,,,,,1,livre
,,,,,,,,,,1,livre
,,,,,,,,,,1,livre
,,,,,,,,,,1,livre
,,,,,,,,,,1,livre
,,,,,,,,,,1,livre
,,,,,,,,,,1,livre
,,,,,,,,,,1,livre
,,,,,,,,,,1,livre
,,,,,,,,,,1,livre
,,,,,,,,,,1,livre
,,,,,,,,,,1,livre
,,,,,,,,,,1,livre
,,,,,,,,,,1,livre
,,,,,,,,,,1,livre
,,,,,,,,,,1,livre
,,,,,,,,,,1,livre
,,,,,,,,,,1,livre
,,,,,,,,,,1,livre
,,,,,,,,,,1,livre
,,,,,,,,,,1,livre
,,,,,,,,,,1,livre
,,,,,,,,,,1,livre
,,,,,,,,,,1,livre
,,,,,,,,,,1,livre
,,,,,,,,,,1,livre
,,,,,,,,,,1,livre
,,,,,,,,,,1,livre
,,,,,,,,,,1,livre
,,,,,,,,,,1,livre
,,,,,,,,,,1,livre
,,,,,,,,,,1,livre
,,,,,,,,,,1,livre
,,,,,,,,,,1,livre
,,,,,,,,,,1,livre
,,,,,,,,,,1,livre
,,,,,,,,,,1,livre
,,,,,,,,,,1,livre
,,,,,,,,,,1,livre
,,,,,,,,,,1,livre
,,,,,,,,,,1,livre
,,,,,,,,,,1,livre
,,,,,,,,,,1,livre
,,,,,,,,,,1,livre
,,,,,,,,,,1,livre
,,,,,,,,,,1,livre
,,,,,,,,,,1,livre
,,,,,,,,,,1,livre
,,,,,,,,,,1,livre
,,,,,,,,,,1,livre
,,,,,,,,,,1,livre
,,,,,,,,,,1,livre
,,,,,,,,,,1,livre
,,,,,,,,,,1,livre
,,,,,,,,,,1,livre
,,,,,,,,,,1,livre
,,,,,,,,,,1,livre
,,,,,,,,,,1,livre
,,,,,,,,,,1,livre
,,,,,,,,,,1,livre
,,,,,,,,,,1,livre
,,,,,,,,,,1,livre
,,,,,,,,,,1,livre
,,,,,,,,,,1,livre
,,,,,,,,,,1,livre
,,,,,,,,,,1,livre
,,,,,,,,,,1,livre
,,,,,,,,,,1,livre
,,,,,,,,,,1,livre
,,,,,,,,,,1,livre
,,,,,,,,,,1,livre
,,,,,,,,,,1,livre
,,,,,,,,,,1,livre
,,,,,,,,,,1,livre
,,,,,,,,,,1,livre
,,,,,,,,,,1,livre
,,,,,,,,,,1,livre
,,,,,,,,,,1,livre
,,,,,,,,,,1,livre
,,,,,,,,,,1,livre
,,,,,,,,,,1,livre
,,,,,,,,,,1,livre
,,,,,,,,,,1,livre
,,,,,,,,,,1,livre
,,,,,,,,,,1,livre
,,,,,,,,,,1,livre
,,,,,,,,,,1,livre
,,,,,,,,,,1,livre
,,,,,,,,,,1,livre
,,,,,,,,,,1,livre
,,,,,,,,,,1,livre
,,,,,,,,,,1,livre
,,,,,,,,,,1,livre
,,,,,,,,,,1,livre
,,,,,,,,,,1,livre
,,,,,,,,,,1,livre
,,,,,,,,,,1,livre
,,,,,,,,,,1,livre
,,,,,,,,,,1,livre
,,,,,,,,,,1,livre
,,,,,,,,,,1,livre
,,,,,,,,,,1,livre
,,,,,,,,,,1,livre
,,,,,,,,,,1,livre
,,,,,,,,,,1,livre
,,,,,,,,,,1,livre
,,,,,,,,,,1,livre
,,,,,,,,,,1,livre
,,,,,,,,,,1,livre
,,,,,,,,,,1,livre
,,,,,,,,,,1,livre
,,,,,,,,,,1,livre
,,,,,,,,,,1,livre
,,,,,,,,,,1,livre
,,,,,,,,,,1,livre
,,,,,,,,,,1,livre
,,,,,,,,,,1,livre
,,,,,,,,,,1,livre
,,,,,,,,,,1,livre
,,,,,,,,,,1,livre
,,,,,,,,,,1,livre
,,,,,,,,,,1,livre
,,,,,,,,,,1,livre
,,,,,,,,,,1,livre
,,,,,,,,,,1,livre
,,,,,,,,,,1,livre
,,,,,,,,,,1,livre
,,,,,,,,,,1,livre
,,,,,,,,,,1,livre
,,,,,,,,,,1,livre